Exp or Imp,Year,Commodity,Unit,Quantity-Year,Value-Year,Quantity-Jan,Value-Jan,Quantity-Feb,Value-Feb,Quantity-Mar,Value-Mar,Quantity-Apr,Value-Apr,Quantity-May,Value-May,Quantity-Jun,Value-Jun,Quantity-Jul,Value-Jul,Quantity-Aug,Value-Aug,Quantity-Sep,Value-Sep,Quantity-Oct,Value-Oct,Quantity-Nov,Value-Nov,Quantity-Dec,Value-Dec
2,2020,'0       ',  ,0,5799446503,0,498132001,0,417265987,0,497991443,0,559523354,0,480131333,0,501978269,0,487728500,0,449088204,0,442043757,0,487668177,0,470571585,0,507323893
2,2020,'001     ',NO,2039485776,26514935,152789456,4102098,250928422,2938151,202394998,1169974,151308331,1658421,90483919,1125392,67869046,1334047,68186845,836593,139668063,914453,162819373,1132130,238218876,3567606,390831132,3645541,123987315,4090529
2,2020,'00101   ',NO,338032,688179,0,0,39546,52195,38926,97002,56419,112663,0,0,64986,142655,7820,11021,19728,65295,50976,66933,37483,115731,10743,11615,11405,13069
2,2020,'00103   ',NO,2619,17224422,262,3488854,235,1735793,223,773945,236,898299,127,580767,126,395908,101,140932,44,411213,105,179080,359,2703527,353,2561556,448,3354548
2,2020,'003     ',MT,2879048,1431065975,239109,122496153,208839,107602161,231030,119956692,314767,159963345,234346,117926451,251057,121704126,245883,124288887,217089,106581576,215295,103444266,244592,116619894,237233,113852330,239808,116630094
2,2020,'00301   ',MT,600408,356906338,47382,30038800,41868,26581170,47560,30719044,69090,40574935,50036,28438455,50719,28719319,52629,32042100,47203,27551397,44264,25269960,50958,29169518,49435,28558495,49264,29243145
2,2020,'00303   ',MT,21405,20275406,1821,1780688,1908,1866598,2470,2352250,3030,2733890,2823,2459279,1512,1422005,1514,1481098,1041,1048114,973,992636,1514,1481376,1138,1104234,1661,1553238
2,2020,'00305   ',MT,891825,475099333,72336,38377871,67032,35767542,67690,36019112,101654,54704064,79936,42823020,79584,42807063,75070,41739151,68478,36194226,65468,34293996,72480,37857247,70550,36883132,71547,37632909
2,2020,'0030501 ',MT,891807,475075040,72332,38371389,67032,35767542,67686,36011104,101654,54704064,79936,42823020,79574,42797260,75070,41739151,68478,36194226,65468,34293996,72480,37857247,70550,36883132,71547,37632909
2,2020,'00307   ',MT,534994,117266717,41620,10288431,43919,10895994,46695,11511703,46706,11420507,36119,8485361,50653,11380697,51578,10879055,40313,8268133,41476,8385782,47895,9333236,45309,8395157,42711,8022661
2,2020,'00309   ',KG,4646291,3732234,343837,326466,434538,388663,461153,393010,296190,213882,314358,207069,366651,210501,304661,227229,351156,311263,293448,222924,468054,398739,468453,361523,543792,470965
2,2020,'005     ',MT,427265,179471982,32728,14068069,33212,13782166,45405,17651976,33420,15158356,34929,14831374,36950,16193553,36916,16080602,33359,14190736,32132,13408902,37664,15591842,34887,14099274,35663,14415132
2,2020,'00501   ',MT,103749,27554706,7602,2065161,10652,2876294,19309,5013996,2527,789432,6664,1812857,8950,2616116,7687,2304392,7303,1955183,7888,2030923,7990,2046354,8262,1932550,8915,2111448
2,2020,'0050101 ',MT,38856,11148652,3150,870858,3967,1181843,7397,2235911,1216,376152,3223,972734,3529,1074199,2507,769422,3251,940388,2338,658260,2330,586870,2614,651028,3334,830987
2,2020,'00503   ',MT,18183,9665146,809,474664,1241,713492,3417,1769598,916,527667,2011,1065465,1763,988225,1531,874818,1807,920673,699,344848,1226,591768,1310,686449,1453,707479
2,2020,'00505   ',MT,291549,136325027,22989,10937496,20191,9707749,21316,10303681,28383,13160971,25152,11469782,25119,12064763,26665,12451731,23235,10873588,22698,10680394,27328,12491622,24269,11031565,24204,11151685
2,2020,'007     ',MT,1902081,1368622117,173339,126493461,115988,87082526,147949,105668149,179780,129838886,152858,102575391,168154,114225179,147653,107582086,141419,103025845,143857,104646963,163381,119082101,173455,127440876,194248,140960654
2,2020,'00701   ',KG,1511697837,1063056179,137599520,97700654,95544146,70766315,116660797,81658507,142535275,100007965,122412727,79196292,132642983,86027790,112166869,80071105,110586580,79388617,113103222,81060299,129809605,93566702,141398501,102303019,157237612,111308914
2,2020,'0070101 ',KG,180669125,155481036,14407536,12275415,11792560,11744575,15396822,13126641,20808701,22546622,11224757,12449327,15727821,13700891,13959069,9490992,13830848,10220123,17109688,13405109,15924680,10171467,16151124,11243121,14335519,15106753
2,2020,'0070103 ',KG,250761632,200760303,26182316,21154781,25020995,19318254,24652493,19886923,18796019,15891255,18456709,14984532,21822629,16362898,13456696,11706077,14307013,12733040,13354908,11870676,18992492,15204091,26467704,19682940,29251658,21964836
2,2020,'0070105 ',KG,1248048,661190,148041,90716,178042,92548,139830,76835,343908,158569,49841,34863,16760,10060,89902,43978,69039,41930,54959,29926,72554,38455,18080,9212,67092,34098
2,2020,'0070107 ',KG,4733749,6505083,251709,287369,15311,28528,51321,48119,111113,129545,201620,213621,468960,763212,614835,950092,489992,695746,509847,742089,639790,853905,631480,879081,747771,913776
2,2020,'00701071',KG,3420928,4696542,38384,36431,15311,28528,51321,48119,88113,107770,152993,164948,318437,500016,591166,912935,353125,456928,509847,742089,639522,853384,361366,515432,301343,329962
2,2020,'0070109 ',KG,5870,6094615,1450,2608624,470,517700,70,59500,98,1474,41,14332,0,0,86,564,302,2029,0,0,319,3398,326,163213,2708,2723781
2,2020,'0070111 ',KG,5441062,16962793,470863,2018808,356905,1505180,319600,1303883,202803,820970,234869,885621,449214,1659300,930466,3377453,539125,1732835,447542,903726,403042,755451,461821,849820,624812,1149746
2,2020,'0070113 ',KG,386654846,360630325,33220806,31574953,22524621,22124436,28999130,26750178,31726559,27843548,22908161,19281240,27131087,23968124,33594765,31756839,34852739,32288716,30210245,29767866,39960204,36999892,41633342,39595897,39893187,38678636
2,2020,'00701131',KG,150406002,160034238,13244759,14602610,8941757,10160872,10353881,11751625,10935577,12500990,7382410,8050609,10554172,11058311,15505579,15671923,14208665,14832022,12920642,13822300,15152858,15606112,16076270,16093289,15129432,15883575
2,2020,'00701133',KG,20680175,47454249,1262101,3052178,1151653,3019038,1285132,3145433,999751,1809943,574955,1153747,1007905,1936860,2092726,3789260,1816672,3416813,2265953,4456715,2306928,5369508,3200111,8850205,2716288,7454549
2,2020,'00701134',KG,104206433,61532977,10439840,7160998,3743373,2951541,5450802,4087283,8592028,5894967,7048369,4663008,8479969,5052489,8777068,5315424,9592381,5102131,9131709,4653239,10691183,5200050,11359479,5362571,10900232,6089276
2,2020,'00701135',KG,37751745,33739019,1870723,1799976,2281766,2195393,3332831,3177810,3207019,3058848,2304432,2138693,2183560,2030482,2485301,2127878,5209149,4266098,2313535,2028285,5462292,4695304,3691181,3227240,3409956,2993012
2,2020,'00701136',KG,11226246,22141086,1062538,1770213,869334,1227749,726526,923426,621497,526490,751827,673344,776173,1029396,779994,2090192,766260,2417619,627265,2533889,1523402,3213092,1378257,3028084,1343173,2707592
2,2020,'0070115 ',KG,66461568,30993271,6114977,2929999,3585660,1479025,4378108,2044328,7488601,3322754,7155719,2967142,9398774,3465109,5405847,2825389,4374923,2270984,5004960,2665921,4695825,2473613,4323322,2213592,4534852,2335415
2,2020,'00703   ',MT,390384,305565938,35740,28792807,20443,16316211,31288,24009642,37245,29830921,30445,23379099,35511,28197389,35487,27510981,30832,23637228,30754,23586664,33571,25515399,32057,25137857,37011,29651740
2,2020,'009     ',MT,24562265,766126094,2056861,65836913,1967631,66348098,2354390,76187274,1951161,63680168,2105449,65363353,1958669,62313764,1964112,58920826,2191765,67689529,2031399,61638709,2041524,60339829,1816798,53631809,2122506,64175822
2,2020,'00901   ',MT,5373855,162763547,457490,14101274,399858,12755046,558131,17606196,441471,14274530,489296,15091926,440691,13239394,345432,10507089,578896,17091082,409236,11897442,495028,13915444,432522,12540918,325804,9743206
2,2020,'00903   ',MT,676826,53748741,43885,3690697,118628,10143214,81896,5395547,15841,1257815,35095,2703691,45453,4069094,39405,2945656,102450,8334215,78075,6627070,58860,4897330,7603,415002,49635,3269410
2,2020,'00905   ',MT,1209211,32360755,90194,2609147,88137,2572918,108929,2737489,96376,2681190,103094,2806532,98702,2864559,134993,3611750,111151,3012972,104946,2581883,95406,2309429,74426,1856042,102857,2716844
2,2020,'00907   ',MT,15772166,351651969,1335588,31797082,1256698,30203469,1471960,35799369,1269587,30840678,1346023,31357750,1222864,26940881,1316633,27824346,1245777,25373642,1317546,26473043,1279851,25662959,1185194,25025519,1524445,34353231
2,2020,'0090701 ',MT,11415788,248733060,953198,22172419,845791,19730900,1010773,23744904,1001947,23891819,928819,21201894,901809,19208245,953386,19545362,934698,18662864,976516,19261972,1008780,19980044,828428,17253306,1071643,24079331
2,2020,'00909   ',MT,9464,722435,747,74125,668,47986,790,66148,758,51825,1077,83346,1126,90658,722,45240,769,54987,727,52019,748,58067,650,40488,682,57546
2,2020,'00911   ',MT,255783,6055771,23843,560660,19134,464592,20666,526290,16214,399429,22038,516735,24257,539833,18705,442548,45103,1008364,14375,317424,16516,368392,10761,249469,24171,662035
2,2020,'00915   ',MT,433264,26120428,38108,2387384,35278,2192327,40742,2518037,36932,2244352,42607,2542957,46274,2715501,34476,2095700,29495,1746243,33991,2039138,36842,2206280,32053,1874760,26466,1557749
2,2020,'011     ',KG,5375290604,1040879560,427339215,84363520,358591196,66862197,485846460,92187427,537696373,106626958,487533985,100719876,493199214,96282611,471354891,90398378,403570208,77396655,421005071,80359152,434648433,84210781,415728525,80307802,438777033,81164203
2,2020,'01101   ',KG,2609971286,536853003,186078851,39189574,177737194,35108957,217475297,44129093,250558218,55133649,260383364,59389766,253479378,53881451,237264384,48947323,195950967,39784490,215391071,41905894,217105151,42705691,197713864,39025724,200833547,37651391
2,2020,'0110101 ',MT,224062,36477938,13946,2601506,20379,3652252,20395,3499179,25114,4113093,13573,2043490,29112,4178417,27267,4187481,18555,3003283,20070,3093683,12974,2038194,13984,2293991,8693,1773369
2,2020,'01101011',KG,46783177,10145696,4521996,1086575,5009184,1171590,3774252,852422,2841164,643762,1115305,260455,2940179,685988,5855605,1302255,6756258,1326287,7197815,1217264,2229167,435710,1103471,314687,3438781,848701
2,2020,'01101012',KG,92909366,14157207,4543482,749632,7973327,1264087,5235913,809564,12617652,1927158,7053454,1076035,13387232,2018779,12029976,1753484,7385694,1088920,7581666,1146114,7839299,1193543,5890888,893335,1370783,236556
2,2020,'01101013',KG,62684816,8207130,4701087,728241,4203707,676416,5644179,847125,5808791,791031,4370483,480817,11204345,1188358,7329524,768818,2699162,284913,3651791,402134,2368912,307075,6885363,1067918,3817472,664284
2,2020,'0110103 ',MT,1068355,105212604,80069,7340863,77275,7207095,81618,7264401,93306,9345082,107815,11150443,101029,11167145,97306,10643874,78585,8451502,88970,9043524,91073,8556566,83889,7626783,87420,7415326
2,2020,'0110105 ',MT,4262,2382874,209,75884,22,8087,17,7999,24,9253,11,4233,17,6128,12,4492,0,0,203,113278,1270,762024,1589,986518,888,404978
2,2020,'0110108 ',KG,76017664,23156233,3389965,1142452,6228387,1915451,10887860,3237282,9554592,2681962,6888147,1939000,4533056,1355104,5188448,1662734,4369418,1405869,5347297,1706294,5850292,1853512,7431775,2307769,6348427,1948804
2,2020,'01103   ',KG,2765319318,504026557,241260364,45173946,180854002,31753240,268371163,48058334,287138155,51493309,227150621,41330110,239719836,42401160,234090507,41451055,207619241,37612165,205614000,38453258,217543282,41505090,218014661,41282078,237943486,43512812
2,2020,'0110301 ',MT,669602,79127909,58304,7058211,55978,7055545,67682,7670852,63127,6583188,46306,4595487,56894,5119598,62486,5787579,53006,6460950,49310,6724531,53367,8440768,48593,7101767,54549,6529433
2,2020,'0110303 ',KG,809333341,132491583,70839568,11935586,48204061,7926632,79693293,12898504,83862710,13846154,65998104,10884952,64227961,10829334,64463267,10814287,60338200,10021887,63271737,10320696,66775542,10594903,66577818,10575239,75081080,11843409
2,2020,'0110305 ',MT,131643,18902626,8818,1307989,8244,1206501,13328,1992242,13746,2224355,18273,2711649,15165,2061338,15976,2171521,11664,1412130,7894,957931,5070,711655,5904,930462,7561,1214853
2,2020,'013     ',MT,1388847,97204979,66801,6191158,91456,6389518,125567,8283109,71087,7106506,99863,7160808,161887,9492858,135534,8919018,85031,6610833,117519,7956673,159590,10080553,107733,7794045,166779,11219900
2,2020,'01301   ',MT,1055532,43031003,38626,1588844,62106,2855055,88571,3924968,47106,2152037,70153,2715056,133806,4879194,104098,3778667,62664,2319148,90148,3427407,134858,5508482,83065,3651024,140331,6231121
2,2020,'0130101 ',MT,7362,868776,716,85583,922,108252,1650,191776,863,98809,528,58529,317,40899,333,39807,335,33577,130,16792,436,52948,680,89164,452,52640
2,2020,'0130103 ',MT,1041916,40951865,37501,1412586,60439,2630731,86530,3630849,45610,1946433,69228,2573094,132685,4690045,103295,3673229,61780,2222852,89532,3353622,133895,5398061,82088,3504034,139333,5916329
2,2020,'01303   ',MT,137535,3583237,8347,186486,14440,350255,19082,443668,5852,134057,12048,331063,11931,341155,14554,370079,7618,175352,11847,316033,9445,283763,11351,319780,11020,331546
2,2020,'01305   ',MT,81315,11092698,9739,1118057,6035,698987,5897,736534,6028,705210,7292,866027,7293,925135,7730,1090300,6542,1003034,7219,1126668,6923,1137057,5160,788877,5457,896812
2,2020,'015     ',MT,820061,297307160,70564,26306907,67636,23376300,71193,24528476,72980,24942294,64260,22426277,74225,25763311,78299,27399583,65446,24570125,63946,23426910,71326,26697282,59490,23737336,60696,24132359
2,2020,'01501   ',KG,421969292,142872909,37467300,11866717,38084692,12151994,34231267,11243360,33558548,11076444,31146538,10354472,38222093,13178737,42567379,14964816,36645159,12818024,34452920,11570648,36854118,12598959,29206242,10422907,29533036,10625831
2,2020,'0150101 ',KG,391611217,113346893,35052703,9492735,35452122,9670915,31730689,8927387,31167693,8793952,28921729,8337060,35864695,10864897,38588468,11803759,34413305,10497903,32329708,9277399,34424773,9938553,26345823,7637489,27319509,8104844
2,2020,'0150103 ',KG,448725,613635,37411,48217,31786,47426,38142,51394,43693,71731,26130,31995,24985,32439,16263,20964,51282,75668,27001,37464,36207,47776,82900,108127,32925,40434
2,2020,'01503   ',KG,101110771,39346286,5612458,2693912,6606810,2776071,9257082,3642704,15149597,5256314,12617008,4585976,13792766,4849738,9416407,3548132,6803236,2958436,6140026,2411296,6122975,2452380,4761762,2090943,4830644,2080384
2,2020,'0150301 ',KG,48532958,14644371,528794,184105,2764180,859384,4487097,1323660,10807333,3124538,8007132,2385120,9218380,2729205,4953579,1507463,2111322,689854,2229369,704865,1494935,481773,750936,267678,1179901,386726
2,2020,'0150303 ',KG,21576040,13186702,2120742,1366026,1817289,1152221,2101266,1341967,1865164,1165277,2331588,1410863,1750977,1054785,1780512,1078695,2125620,1324167,1149510,692882,1291028,735432,1719189,977154,1523155,887233
2,2020,'01505   ',MT,27476,16700924,3379,1958974,2370,1411368,2620,1575560,2204,1323958,2307,1306720,2190,1280185,2431,1524766,1893,1290187,1742,1146686,2446,1388958,2070,1328136,1824,1165426
2,2020,'0150501 ',KG,14957504,9648963,1911500,1098496,1583998,911978,1363073,844247,972748,672027,920977,588581,1221861,775711,1163177,789924,894590,698553,980862,720711,1678911,971751,1357522,945239,908285,631745
2,2020,'0150503 ',KG,3916797,2615578,541300,381234,207616,171845,542083,392592,377319,215108,346065,182241,263036,148093,354530,250565,223530,158276,297772,211640,232199,165434,223280,119973,308067,218577
2,2020,'0150505 ',KG,8601207,4436383,925997,479244,578123,327545,714707,338721,854055,436823,1040020,535898,705352,356381,913221,484277,774383,433358,463531,214335,535359,251773,488791,262924,607668,315104
2,2020,'017     ',MT,8760390,405359945,704994,33498780,643718,28417189,695314,33545838,685130,33809170,750290,33854954,771225,37866297,784154,36697686,776978,33707856,716495,31411429,764043,36487619,662375,30868330,805674,35194797
2,2020,'01701   ',MT,94350,2359812,9786,264979,6528,172083,3593,95639,9336,239512,2513,63611,9106,224760,13373,326582,7107,173069,2345,61803,12439,300681,9016,216924,9208,220169
2,2020,'01703   ',MT,4220181,116927492,328612,9734878,282734,7393352,339838,9871306,245285,6598010,327423,7709342,380397,11320499,395536,10542552,403658,11166834,387904,9707714,368344,11162887,317057,8790760,443393,12929358
2,2020,'01705   ',MT,209195,30933387,15341,2183752,15625,2160999,17274,2381429,21472,3243973,16212,2390870,17097,2583771,19524,2950690,16860,2627058,19249,2946535,22772,3481810,16633,2419635,11136,1562865
2,2020,'019     ',  ,0,186893756,0,14774942,0,14467681,0,18812528,0,16739250,0,14147457,0,16802523,0,16604841,0,14400596,0,14618623,0,14990670,0,15194242,0,15340403
2,2020,'1       ',  ,0,879927078,0,76816755,0,59337312,0,76597815,0,75660398,0,63251599,0,76302169,0,79639467,0,74486379,0,85208558,0,65752411,0,66417551,0,80456664
2,2020,'101     ',KL,988063,298951265,77142,26826546,74204,23021101,82941,23723192,87109,29449633,85780,23980684,105778,25949262,89592,21565629,73816,21622671,78779,23957145,79044,27806314,78371,26467224,75507,24581864
2,2020,'10101   ', L,522561422,256223420,41964796,23246624,37570850,19994375,45345455,20524260,46192903,25009635,41024560,20142771,50937054,21224610,46080524,18234929,40391423,19173117,45084513,21068141,45062370,24550854,42725191,22646583,40181783,20407521
2,2020,'1010101 ', L,130218659,72059959,11306485,7285805,9769786,6049819,12174060,6408428,12251408,6967835,11021059,6284089,11023504,5686892,10366449,5687933,9395402,5057111,11419346,5727937,10679917,6050438,10285637,5638147,10525606,5215525
2,2020,'10101011', L,51406200,44727976,4443111,4816067,3960507,3552493,4839131,3740979,4734753,4243209,4424151,3719917,4411544,3479636,4285307,3668743,3495622,3169665,4558397,3752032,4770625,3992875,3857464,3480185,3625588,3112175
2,2020,'10101012', L,2002270,4766959,153554,546288,203727,572721,145191,335861,275816,431411,191166,576823,178324,353894,194008,341498,215028,317252,122485,246495,96151,331639,115505,389954,111315,323123
2,2020,'1010103 ', L,262481617,168020793,20056939,14609928,20731114,12983206,21347062,12726870,23106439,16597648,20087756,12675346,27629304,14102042,22854327,11035841,19395062,12781626,22914336,14067463,23164671,17011641,22003055,15698830,19191552,13730352
2,2020,'1010105 ', L,40278943,6266188,2530459,444401,2666382,395591,3412932,533930,3655421,628846,3170645,463508,3548414,507478,3835941,574120,3291517,479619,3247569,494368,3610821,587115,3733149,581132,3575693,576080
2,2020,'103     ',  ,0,580975813,0,49990209,0,36316211,0,52874623,0,46210765,0,39270915,0,50352907,0,58073838,0,52863708,0,61251413,0,37946097,0,39950327,0,55874800
2,2020,'10301   ',KG,26893535,20089489,3277475,2385774,1798247,1425979,2158305,1537040,2705388,2291377,1826575,1325246,1513225,1056307,3275120,2342779,2472055,1931328,2474860,1912898,2052885,1586023,1323380,866861,2016020,1427877
2,2020,'10303   ',  ,0,560886324,0,47604435,0,34890232,0,51337583,0,43919388,0,37945669,0,49296600,0,55731059,0,50932380,0,59338515,0,36360074,0,39083466,0,54446923
2,2020,'1030301 ',TH,42512319,213845830,4101216,19898808,3414356,16172342,4118517,20262475,3033057,15438877,2892471,15791722,4169073,20209566,4618155,24478963,3184209,15944687,3553911,15956066,2709939,16005662,3068998,15285727,3648417,18400935
2,2020,'2       ',  ,0,4501370586,0,383406455,0,357995831,0,369934256,0,398179004,0,346701990,0,353796866,0,365045187,0,352916122,0,355480041,0,396922794,0,397486190,0,423505850
2,2020,'201     ',MT,28549,7103567,2763,758203,2294,632388,2665,640843,2382,591255,2427,636335,2804,624864,2299,425069,2251,410898,2023,689853,2180,580060,2296,415849,2165,697950
2,2020,'20101   ',MT,28545,7053229,2762,754117,2294,632388,2665,637733,2382,584053,2426,635521,2804,624864,2297,407350,2251,407622,2023,689853,2180,566136,2296,415849,2165,697743
2,2020,'2010101 ',MT,9352,1562784,1193,236290,813,151480,915,159246,1091,175311,1102,162273,974,160322,585,92625,591,91729,330,60094,630,87740,501,86977,627,98697
2,2020,'2010103 ',MT,95,56006,7,5093,0,0,14,9402,0,0,24,13490,14,9682,7,4809,0,0,7,4288,8,851,7,4167,7,4224
2,2020,'2010105 ',MT,173,536056,19,67187,25,63786,12,43771,12,11682,21,57191,10,76624,11,29537,5,31822,12,55922,31,58961,11,26109,4,13464
2,2020,'20103   ',KG,3507,50338,354,4086,0,0,264,3110,749,7202,21,814,0,0,1519,17719,343,3276,0,0,250,13924,0,0,7,207
2,2020,'203     ',MT,5768256,309969709,451809,24512807,347612,20117037,535011,29829582,612172,32745639,545279,29454280,583043,31489702,475176,24571551,437644,21946767,425930,22013419,450506,24108880,449782,23914079,454292,25265966
2,2020,'20301   ',MT,32018,7021183,3402,821343,2443,595578,4270,978851,1727,401118,4067,926440,3745,893215,1887,394100,1341,243095,2041,371220,2762,515470,1540,296317,2793,584436
2,2020,'20307   ',MT,3163360,159160006,276060,13981785,159391,8581044,304964,15677045,364459,18398387,295361,14625671,344481,17137683,296583,14644891,263301,12431531,179334,8563735,256597,12651414,209133,10851608,213696,11615212
2,2020,'20309   ',MT,2572878,143788520,172347,9709679,185778,10940415,225777,13173686,245986,13946134,245851,13902169,234817,13458804,176706,9532560,173002,9272141,244555,13078464,191147,10941996,239109,12766154,237803,13066318
2,2020,'2030901 ',MT,3719,223332,0,0,891,49080,27,2503,0,0,650,39268,279,16215,25,3447,897,53324,46,5817,542,30024,7,639,355,23015
2,2020,'2030903 ',MT,98816,2973718,10941,320223,8115,234484,9638,283743,7668,236875,6874,219390,11713,357962,9443,291138,9921,297993,5251,160247,8556,255641,5037,150995,5659,165027
2,2020,'2030907 ',MT,2252378,103038180,148907,6916391,160816,7427524,196194,9026660,220025,10259388,215638,9817329,197876,8806159,151308,6600433,145922,6305305,219118,9692726,161392,7379530,219646,10401404,215536,10405331
2,2020,'2030909 ',MT,204864,34458409,11330,2231896,14807,2990279,18080,3404508,16178,2871266,21400,3555296,23239,3857889,14895,2413884,15677,2499235,19581,3092923,20036,3175948,13875,2104445,15766,2260840
2,2020,'2030911 ',MT,561,38372,33,2554,70,4184,64,5099,18,1277,34,2580,18,1490,88,6442,34,1677,36,2427,90,5696,58,3795,18,1151
2,2020,'205     ',MT,809720,124430191,91503,13989373,77729,12305163,90122,15173981,70679,10994001,76238,11658874,59636,9002038,57057,7646442,44080,5806414,41322,6173983,56428,8331015,62918,10355106,82008,12993801
2,2020,'20501   ',MT,554360,88803569,62838,10044557,52923,8869396,68599,11583767,44439,7391268,50229,7948699,40503,6255514,33977,5015518,30463,4354905,28187,4201090,35884,5505462,47469,7533866,58849,10099527
2,2020,'20503   ',MT,5660,856231,534,78046,611,92231,596,91788,500,74495,548,78210,560,79059,355,51232,350,52874,435,65797,379,59368,515,84304,277,48827
2,2020,'20505   ',MT,135519,32486175,13417,3560573,12086,3097059,12239,3283575,12019,3308560,13321,3434138,10164,2504837,9702,2366835,5984,1268790,9064,1805227,12792,2599361,12673,2615723,12058,2641497
2,2020,'2050501 ',MT,495,154350,39,8681,29,8607,60,17807,33,9583,68,21104,17,4602,55,18632,20,6979,20,12624,46,14239,39,8909,69,22583
2,2020,'2050505 ',MT,135023,32331825,13378,3551892,12057,3088452,12179,3265768,11986,3298977,13252,3413034,10147,2500235,9647,2348203,5964,1261811,9044,1792603,12746,2585122,12634,2606814,11989,2618914
2,2020,'20505051',MT,519,236004,105,51407,0,230,1,434,42,21971,45,20216,106,47559,20,9215,33,15413,36,17933,67,26691,18,6847,46,18088
2,2020,'20505052',MT,2013,596460,236,75087,205,64152,93,32115,269,84189,165,50709,55,16900,116,34193,184,53417,102,29069,201,48257,240,70841,147,37531
2,2020,'20505053',MT,4579,1401336,669,215150,311,86100,363,104782,483,142721,478,160056,465,133668,411,135526,303,100325,233,77670,494,139400,182,50316,187,55622
2,2020,'207     ',  ,0,328657332,0,31865481,0,26160146,0,31643546,0,31158893,0,27659628,0,30758667,0,30104479,0,26504632,0,21654239,0,23655585,0,25521458,0,21970578
2,2020,'20701   ',  ,0,278948906,0,27525181,0,23159252,0,26206292,0,26531016,0,24149505,0,27255168,0,25441029,0,21845994,0,18407370,0,19785331,0,20232520,0,18410248
2,2020,'2070101 ',CM,2174687,54222003,215912,5466221,229525,5878275,232888,6128883,189968,4630727,120894,3130017,195356,4663549,171801,4271945,201844,4588962,142408,3465909,146449,3889759,204360,5038758,123282,3068998
2,2020,'20701015',CM,1715094,45689254,166061,4386523,187693,5144462,190466,5270970,131753,3684384,112529,2939893,143078,3767591,140768,3545176,145774,3715954,115841,2990863,140618,3750032,140096,3788536,100417,2704870
2,2020,'20701016',CM,82595,2460631,9345,318887,2153,96252,12651,326379,5723,146189,1385,31744,5503,135167,10260,387555,8865,221482,5751,160184,4575,110603,14476,484696,1908,41493
2,2020,'2070103 ',CM,42939,3784479,3070,299463,5109,478665,8026,736130,6218,510326,6912,600023,5810,552477,4308,291965,1066,77531,471,48899,374,47031,444,33538,1131,108431
2,2020,'2070105 ',  ,0,218042224,0,21496895,0,16647590,0,18939423,0,21122156,0,19857244,0,21989029,0,20560611,0,16811823,0,14864987,0,15512952,0,15034356,0,15205158
2,2020,'20701052',CM,23143,1432679,3066,185413,783,43325,1703,125883,805,66260,1744,107404,2792,180244,1197,103292,4523,259155,1067,81544,2261,117402,1224,82697,1978,80060
2,2020,'20701053',CM,163478,7356792,14192,659698,7003,339063,10031,455456,16552,722656,16352,748067,16985,759130,15769,724886,11471,544555,16020,663794,15860,692081,11689,497415,11554,549991
2,2020,'20701055',CM,2055725,72177151,177193,6247672,146016,5087654,166671,5821847,198170,6748172,203406,6919201,218374,7564619,213601,7406963,174186,6215711,148264,5234972,131889,4597074,145318,5311630,132637,5021636
2,2020,'2070107 ',CM,5598,170711,1847,59432,52,2186,498,14583,681,17986,0,0,0,0,1775,55290,745,21234,0,0,0,0,0,0,0,0
2,2020,'209     ',MT,1567268,113337291,126874,9013130,131133,9446741,144970,9917936,139480,9648395,122096,8751130,157567,11689530,144034,10819773,125239,9162911,113400,8275745,127328,9442420,112535,8367023,122612,8802557
2,2020,'20901   ',MT,1537047,112291559,121895,8872460,126858,9324747,142525,9835300,136980,9552932,119615,8672745,154571,11570996,140923,10688795,123430,9085497,111647,8217557,126185,9395513,111085,8317879,121333,8757138
2,2020,'2090101 ',MT,88523,12970550,5145,691248,6551,869577,4578,646450,8217,1150874,6840,1036938,8538,1247029,9701,1463171,7041,1074910,5387,856097,9015,1329723,7931,1193670,9579,1410863
2,2020,'2090103 ',MT,1436688,96690980,115690,7946458,119112,8158730,137173,9009181,128150,8270967,111544,7367466,145199,10150392,130262,9029003,115484,7812907,105470,7196553,116123,7830802,101787,6828030,110694,7090491
2,2020,'211     ',MT,234862,52523604,23902,5850697,20998,4530641,25272,6305737,22292,5297201,14818,3689746,17400,4120417,18114,3985544,16879,3368139,17143,3538358,20145,3935757,19367,4028971,18532,3872396
2,2020,'21101   ',KG,240198,1175195,43232,253483,8961,51702,53711,286028,10363,34546,26135,144494,16935,87354,10529,26517,11461,33467,7856,40214,18674,71445,12302,45454,20039,100491
2,2020,'2110101 ',KG,147310,943581,32957,222952,7438,49460,41620,272094,0,0,16828,110911,12520,79158,1426,9009,3275,19583,4406,29628,6063,35321,3773,20338,17004,95127
2,2020,'21103   ',MT,7122,7432073,840,1075343,549,558621,958,1081341,718,865546,677,740534,735,784590,563,500709,406,389723,433,413330,331,284865,401,312160,511,425311
2,2020,'2110301 ',KG,1149,2248,0,0,164,383,0,0,0,0,0,0,0,0,0,0,0,0,985,1865,0,0,0,0,0,0
2,2020,'2110303 ',MT,2921,1605208,320,213562,224,92093,353,215562,255,187548,251,145828,266,150787,250,120841,156,87583,198,100415,183,101154,209,64263,256,125572
2,2020,'21105   ',MT,64,269137,13,19493,3,38351,11,1459,13,106468,1,10454,2,10318,9,14775,0,0,3,5004,0,517,5,55401,4,6897
2,2020,'21107   ',MT,117,450711,6,29931,7,19593,12,55002,11,51983,13,33936,8,32346,7,22433,8,29050,11,62182,7,22857,13,45381,14,46017
2,2020,'21109   ',MT,64441,10266722,7341,1158034,6623,1088577,7671,1312638,8316,1476755,5184,860490,5265,792360,4576,712410,4472,620390,3377,518297,3768,540916,3728,558041,4120,627814
2,2020,'2110901 ',MT,34959,6676183,3955,758726,4067,771225,4867,971601,5850,1156055,3083,573394,2773,508043,1978,371687,1925,345822,1437,275306,1300,250504,1623,297451,2101,396369
2,2020,'2110903 ',MT,17788,1325882,2284,180125,1718,136185,1943,141042,1379,95385,1096,88399,1707,129622,1455,105043,1656,124257,1036,74738,1431,98546,1007,74154,1076,78386
2,2020,'2110905 ',MT,9808,1595385,898,147134,663,114048,604,108797,908,158167,889,151522,654,116013,888,143890,791,117246,761,120581,914,146502,989,147386,849,124099
2,2020,'21111   ',MT,488,191237,52,18558,31,10133,56,17585,39,16042,65,27629,11,3257,38,13168,46,18947,57,20029,11,7003,46,15233,36,23653
2,2020,'2111103 ',MT,280,112306,40,14405,21,8918,42,12534,29,13517,0,0,10,1624,26,9957,34,15342,45,18488,1,1742,21,10523,11,5256
2,2020,'213     ',MT,15286925,131190200,1189178,12840694,1567181,11523773,1356154,11262517,1517263,14070289,1095051,11134764,1135141,11194997,1100318,9329125,1096246,9362005,1400385,9498237,1261877,10246976,1218726,10193648,1349405,10533175
2,2020,'21301   ',MT,151477,3145403,11000,241662,22282,446676,0,0,3850,63153,54512,1210054,16445,367795,0,0,8000,144209,0,0,12978,270805,15410,273444,7000,127605
2,2020,'21303   ',MT,15135448,128044797,1178178,12599032,1544899,11077097,1356154,11262517,1513413,14007136,1040539,9924710,1118696,10827202,1100318,9329125,1088246,9217796,1400385,9498237,1248899,9976171,1203316,9920204,1342405,10405570
2,2020,'2130301 ',MT,3916519,21608233,329126,1870060,404850,2471871,388554,2040120,389955,2155432,208060,1332500,353652,1831197,276427,1464956,297577,1702200,314039,1703025,354563,1804826,295890,1574990,303826,1657056
2,2020,'21303011',MT,2384,192705,334,26994,88,7295,61,7047,197,17359,213,15497,290,22475,132,7634,80,10943,71,10368,273,22361,193,20032,452,24700
2,2020,'21303013',MT,942335,6906623,84409,620078,141718,1067031,45755,385098,99807,707102,35204,453020,108904,650350,47366,440078,134201,843429,5185,149931,99619,647888,67810,466201,72357,476417
2,2020,'2130303 ',GR,38820870,4099608,3234803,361780,3290514,392629,4013528,448259,4442476,503885,2883124,290927,3097852,295805,2778692,269471,2355023,229003,3205099,319304,3164651,332726,3037940,335355,3317168,320464
2,2020,'2130305 ',MT,3016606,33587067,327856,3999649,249705,2325129,282451,3149561,295146,4215042,226423,2569702,187970,2906776,244287,2429891,256438,2405412,251156,2152932,206261,2516097,221367,2382317,267546,2534559
2,2020,'2130307 ',MT,7061178,31631772,414469,2345571,823276,3932506,593426,2632121,698269,3189084,502549,2095663,468809,2111841,503678,2195140,428322,1922509,760464,2859150,606828,2656049,598670,2631469,662418,3060669
2,2020,'2130311 ',MT,112171,3554842,11086,366539,7891,254273,12034,383757,9314,317888,8210,262082,9829,295536,8341,302458,6915,223999,7822,236554,10097,307081,12302,347128,8330,257547
2,2020,'2130313 ',MT,60769,3349510,5965,387246,1294,67544,5462,312702,2869,164660,12073,677733,7616,383575,5579,311575,1537,95911,4260,231475,3467,185644,3488,165759,7159,365686
2,2020,'215     ',MT,110133700,3198442118,10057324,262231335,10485969,258758300,9326371,244520338,11169920,275323983,7645948,235851493,7102818,233563795,7016426,258906351,8298968,254929180,8880478,263227097,9748998,297088588,9328947,294890250,11071533,319151408
2,2020,'21501   ',MT,99433386,1034363333,9042185,104606962,9506026,102931004,8386943,81626469,10257248,99233534,6835608,66032888,6187799,61022495,6000710,58416865,7338826,71694385,8127546,81745555,8924598,94209103,8559990,96173785,10265907,116670288
2,2020,'21503   ',MT,47901,9969803,4295,1036221,3600,713769,3863,771235,3996,722091,3256,601845,4146,839873,3937,788919,3408,722928,3744,892902,4945,1052465,4322,869691,4389,957864
2,2020,'21505   ',MT,10129917,1504852204,959841,99579001,939272,112891092,896895,110787529,862592,121307568,773352,125186414,867857,125754530,973993,150331606,917231,135901309,707248,125635310,767744,137342468,716218,122431865,747674,137703512
2,2020,'2150501 ',MT,5228884,1105248702,377195,59049544,500355,82132235,421717,81474746,493926,90334821,489596,97984454,418923,88430940,457629,109382730,513113,104247939,358239,92624764,416091,96570568,377294,90093581,404806,112922380
2,2020,'2150503 ',MT,2520922,18971569,277952,2400315,211589,1734608,288203,2294962,157802,1028614,169762,1346498,225744,1595597,229520,1554834,248069,1703046,219081,1517972,132371,912835,120612,888628,240217,1993660
2,2020,'2150507 ',MT,119592,28318054,5646,1229379,5641,1339002,0,0,5658,957211,12211,3563209,6454,1370558,24274,4124494,16615,4264227,0,0,20062,6889701,6644,1983490,16387,2596783
2,2020,'2150509 ',MT,726397,60975347,82515,5876523,54482,4607409,49552,3788185,82239,5903719,26782,2421079,74353,5724278,67831,6157401,69862,5835700,42241,4173703,95212,8683096,67042,6475205,14286,1329049
2,2020,'2150511 ',MT,794574,17302381,134809,2740335,103819,1981309,71002,1508533,75153,1553405,22181,548342,65341,1384848,99901,2424660,22095,630371,13079,371422,68229,1720625,98325,2047951,20640,390580
2,2020,'2150513 ',MT,41153,1386350,4006,165536,4804,177174,3161,107423,6258,205320,1741,59405,4814,163206,2520,82047,5701,177427,921,32415,1165,42162,2262,66625,3800,107610
2,2020,'2150517 ',MT,32875,40985305,3646,5122523,2087,2748525,2644,3628922,3790,5175324,3459,4505303,3046,3794721,2740,3231444,2681,3075239,1940,2095625,2467,2606689,2260,2490199,2115,2510791
2,2020,'2150519 ',MT,343111,29708853,40651,3673168,35659,2484167,35616,2592869,13962,1491066,23777,1531980,31102,3573268,51673,4687137,15038,1674180,42877,3397282,6878,896375,18719,1319289,27159,2388072
2,2020,'2150521 ',MT,676,73432,3,2186,131,12614,161,11884,3,2095,6,4209,13,10102,3,2194,0,0,200,15308,0,0,156,12840,0,0
2,2020,'2150523 ',MT,35422,1549237,8191,313912,736,28594,2146,92318,3188,134107,3838,159646,2147,97402,6084,384116,2726,103874,730,27121,869,32023,1014,39783,3753,136341
2,2020,'21507   ',MT,359601,136003149,35755,12914826,25796,9597110,23402,9873280,31101,9726471,21229,8241353,28089,9344963,25179,10144331,28630,11017420,28262,11907179,39207,15163272,32807,13502577,40144,14570367
2,2020,'2150701 ',MT,108107,15126689,13928,1843057,8277,1057762,3982,985750,12116,1226447,3321,795762,9672,1223258,5668,829653,7980,1002202,6475,966075,13188,1829484,8627,1414113,14873,1953126
2,2020,'2150703 ',MT,108726,61263140,9340,5193584,7050,4086837,7714,4004173,8792,4415436,8347,3901152,8254,4092344,9356,5114177,9628,5481841,9918,5891211,11452,7072259,9666,6022013,9209,5988113
2,2020,'2150705 ',MT,23054,11823993,2233,1144039,1537,824911,2057,1010443,1987,905492,1575,725564,1639,774310,1869,916955,1874,979121,1969,1022276,2120,1184224,1869,1034170,2325,1302488
2,2020,'2150707 ',MT,52794,8397996,3833,636882,4160,737458,4326,760803,3423,557306,3652,561761,3492,514722,3062,448795,3855,583433,4130,665247,5353,808566,6290,992501,7218,1130522
2,2020,'217     ',  ,0,235716574,0,22344735,0,14521642,0,20639776,0,18349348,0,17865740,0,21352856,0,19256853,0,21425176,0,20409110,0,19533513,0,19799806,0,20218019
2,2020,'21701   ',MT,143622,64433400,20420,6181891,8607,3620271,10242,4664281,12757,4773447,13177,5164787,10851,5647062,11452,5797635,14831,6693239,10398,5923237,9560,5569249,12221,5403263,9106,4995038
2,2020,'2170103 ',MT,19765,21235112,1856,1629231,1453,1157591,2018,1984215,1763,1859807,1675,2004905,1423,1892202,1586,1585703,1505,1768663,1570,1887984,1592,1590242,1841,1920699,1483,1953870
2,2020,'21703   ',  ,0,171179185,0,16153402,0,10896480,0,15971959,0,13562905,0,12692756,0,15678008,0,13454070,0,14730229,0,14483068,0,13947289,0,14388911,0,15220108
2,2020,'2170301 ',MT,13105,22532631,1669,1884481,1002,1710653,1341,1875981,1154,2240240,1334,2107219,1632,2683341,987,1787154,850,1790087,829,1483018,570,1369487,676,1815074,1061,1785896
2,2020,'2170303 ',MT,1432,844686,232,198344,127,72199,131,66534,104,58143,64,38764,178,97234,78,58761,31,21041,66,29095,134,65240,221,94428,66,44903
2,2020,'3       ',  ,0,11254098773,0,1506769575,0,1309071028,0,1355444082,0,983728186,0,616702141,0,622453319,0,750061664,0,757049680,0,787448022,0,783071612,0,790885262,0,991414202
2,2020,'301     ',MT,174279292,1726967601,16599186,191003991,14470177,161792960,16055019,174325686,15964020,179764212,12392574,125495697,13152987,129577100,14078006,128741007,13057024,117555702,13761122,119816881,14742520,129828407,14544217,129396563,15462440,139669395
2,2020,'30101   ',MT,173729988,1707597618,16549566,189208898,14445729,160941637,16013305,172793704,15896724,177312339,12361601,124364779,13116457,128358542,14053808,127945677,13038109,116890954,13722429,118324702,14700450,128405166,14499805,127987706,15332005,135063514
2,2020,'3010101 ',MT,5412497,64960637,464483,6007407,322728,4717843,497545,6898407,586667,7673750,534962,6959728,270144,3028653,255240,3038645,347153,4012074,451404,4760838,544352,5800670,695294,7329630,442525,4732992
2,2020,'3010103 ',MT,63470213,736293442,6405005,83606280,4980083,63909547,5734707,71944372,6210976,82811719,4643046,55646999,4698014,56721181,4964742,53119525,4842986,51447655,4818199,49195017,4959065,52722730,5586665,57860786,5626725,57307631
2,2020,'30101031',MT,22022404,324382504,2016781,33597399,1489352,25064664,1757459,28932594,2381935,39114615,1568914,23799791,2040067,30305741,1509851,21352120,1742448,24075074,1415915,18722919,2095722,27451591,2064453,27107745,1939507,24858251
2,2020,'30101032',MT,41447809,411910938,4388224,50008881,3490731,38844883,3977248,43011778,3829041,43697104,3074132,31847208,2657947,26415440,3454891,31767405,3100538,27372581,3402284,30472098,2863343,25271139,3522212,30753041,3687218,32449380
2,2020,'3010105 ',MT,104847278,906343539,9680078,99595211,9142918,92314247,9781053,93950925,9099081,86826870,7183593,61758052,8148299,68608708,8833826,71787507,7847970,61431225,8452826,64368847,9197033,69881766,8217846,62797290,9262755,73022891
2,2020,'303     ',  ,0,5891579742,0,868091865,0,743449348,0,755185204,0,502286096,0,222536831,0,231695334,0,345268617,0,422873557,0,438043981,0,434549454,0,416786730,0,510812725
2,2020,'30301   ',KL,146026187,4646424381,14326554,692995608,12415682,603710417,14782441,624215697,14774845,424544164,9468048,159158858,10025096,167423195,11512104,255275588,11019210,319628752,11150414,343465336,11543286,341146080,11283350,314376538,13725157,400484148
2,2020,'30303   ',  ,0,1245152973,0,175096257,0,139738642,0,130969507,0,77741932,0,63377747,0,64271434,0,89992791,0,103244522,0,94578645,0,93403374,0,102410192,0,110327930
2,2020,'3030301 ',KL,31253164,974555732,2706963,120136883,2238195,99856713,2547486,103129506,2214330,62603386,2223801,48276066,2590360,50808867,2884238,75466810,2958498,88796669,2723951,82732799,2581838,77940585,2778576,83155148,2804928,81652300
2,2020,'3030303 ',KL,2279019,101564384,580238,32546305,487343,25458961,231069,10296558,140159,4121987,91166,2228812,59086,1978789,59908,2068419,29722,1121684,22993,969629,46947,1654806,152592,5237384,377796,13881050
2,2020,'3030305 ',KL,945925,35636588,97362,5467515,67328,3289262,97106,3514489,51567,1512534,66158,1753711,77971,2542920,72805,2667991,68092,2514638,81981,2901130,92541,3188901,81306,2781622,91708,3501875
2,2020,'3030307 ',KL,522824,19937161,66121,4158106,22811,1127534,36551,1624975,6897,177065,102383,2454166,32306,1125543,37140,1425202,79814,2858314,17512,555543,66877,2423838,22435,738566,31977,1268309
2,2020,'3030309 ',KG,438889429,48087623,35110067,4466911,31514851,4151091,50080822,5897039,36557231,4506018,34174523,3983298,32779181,3561831,29905342,3430497,29290724,3014732,38269652,3452137,26089903,2725726,52486840,4649126,42630293,4249217
2,2020,'3030311 ',MT,4269137,43939310,590027,6127928,313565,2933562,361938,3470033,383459,3746515,324824,3541652,282867,2743532,364037,3381459,409537,3838254,236515,2612697,367729,3569652,345473,3975653,289166,3998373
2,2020,'305     ',MT,84259492,3635551430,8484418,447673719,7612747,403828720,8145770,425933192,6057528,301677878,5475829,268669613,5833925,261180885,6846762,276052040,6491053,216620421,7297302,229587160,6630935,218693751,6784119,244701969,8599104,340932082
2,2020,'30501   ',MT,84259492,3635551430,8484418,447673719,7612747,403828720,8145770,425933192,6057528,301677878,5475829,268669613,5833925,261180885,6846762,276052040,6491053,216620421,7297302,229587160,6630935,218693751,6784119,244701969,8599104,340932082
2,2020,'3050101 ',MT,9795611,430480587,971814,53435626,970675,52696928,937008,41691063,861340,33185621,896172,32043711,572627,20598614,811024,31406673,650996,25997123,793292,32063136,687965,29387846,765206,34858319,877492,43115927
2,2020,'3050103 ',MT,74463881,3205056053,7512604,394235838,6642072,351131525,7208762,384242129,5196188,268490584,4579657,236625902,5261298,240578521,6035738,244644900,5840057,190620842,6504010,197524024,5942970,189305905,6018913,209843650,7721612,297812233
2,2020,'4       ',MT,1379603,180197072,122682,15622958,94471,12721020,132127,17783598,133167,17460849,101839,13396993,138460,18331446,122798,15774575,107254,13606876,95756,12740841,115997,14716552,112560,14444644,102492,13596720
2,2020,'401     ',MT,85298,19851079,7922,1636783,4815,1162321,7362,1941748,6508,1643780,8702,1888854,10431,2394702,7992,1900190,6524,1451928,5989,1452297,8236,1788194,5903,1220074,4914,1370208
2,2020,'40101   ',MT,9890,893967,2041,163636,43,6654,1075,101969,38,6219,2029,211802,1026,86807,1021,100635,1011,82700,23,3213,551,45783,1024,83195,8,1354
2,2020,'403     ',MT,1085939,124066602,94604,10249009,75384,9102156,106815,12667835,106413,12161919,78105,9097066,105881,12060114,94729,10435500,86766,9687932,73799,8585567,90738,9966185,90521,10537989,82184,9515330
2,2020,'40301   ',MT,1461,176372,0,0,79,10328,192,22642,40,5300,224,25380,236,31093,192,23249,152,17611,62,7594,102,12052,102,11957,80,9166
2,2020,'40303   ',MT,761174,58499627,65996,5134702,57051,4642226,72640,6052991,72210,5687876,50307,3757272,76071,5528359,65959,4806628,63276,4567395,53308,3951326,61186,4700673,63576,4858589,59594,4811590
2,2020,'40305   ',MT,779,315515,61,26615,0,0,217,96600,91,39277,91,38312,76,31073,15,4754,0,0,46,14127,30,9914,61,22858,91,31985
2,2020,'405     ',MT,208368,36279391,20157,3737166,14272,2456543,17950,3174015,20247,3655150,15031,2411073,22148,3876630,20077,3438885,13964,2467016,15968,2702977,17023,2962173,16137,2686581,15394,2711182
2,2020,'40501   ',MT,3110,2956579,416,420454,207,196801,161,164230,223,198168,98,100844,342,361736,428,347198,237,249968,185,185010,444,362825,158,152717,211,216628
2,2020,'5       ',  ,0,7858764463,0,710501775,0,606292992,0,698955982,0,761660114,0,655339998,0,731972653,0,674901530,0,542766608,0,611984940,0,646372034,0,626995081,0,591020756
2,2020,'501     ',  ,0,2291524132,0,206748913,0,173006389,0,197835993,0,232818134,0,188070427,0,210552398,0,211255826,0,144702163,0,183939089,0,174527584,0,193520227,0,174546989
2,2020,'50101   ',  ,0,1668801660,0,145779641,0,121988291,0,140494766,0,173673131,0,133914244,0,156773908,0,160793263,0,101587961,0,139406505,0,126723792,0,143442410,0,124223748
2,2020,'5010101 ',KG,40851155,2762563,9983666,865377,5192344,414206,360,13841,5193502,274523,0,0,180,7272,5189887,324252,5230618,305892,0,0,4865143,264851,0,205,5195455,292144
2,2020,'50103   ',MT,3325043,587481272,320804,57699381,300365,48117441,285469,53483521,293789,56653052,337867,51589715,287048,50241816,289723,47172028,205439,40951533,205709,41585864,249431,45098189,281148,46857906,268251,48030826
2,2020,'50105   ',GR,6738947,9674421,460239,812322,613560,681520,618273,1060332,474717,664240,750508,687383,638337,1237240,368803,602559,675695,659359,548966,1192828,562845,590522,605690,836775,421314,649341
2,2020,'503     ',MT,255668,11313410,25642,1300206,16893,798473,43138,2185883,27971,1127363,14072,488169,7686,471593,9264,430824,6759,253078,15400,642409,32431,1309862,23657,897773,32755,1407777
2,2020,'50301   ',MT,8998,324216,1474,82282,0,0,1456,83064,2476,53438,0,0,0,0,0,0,0,0,0,0,0,0,1901,45727,1691,59705
2,2020,'505     ',KG,177188614,139313755,19040014,14819429,12570364,9732435,18210485,12944048,16586165,15348277,14246156,11026367,16401550,13444791,16416223,12203535,11790560,9460892,11913279,9528448,12593111,9778652,13957943,10892301,13462764,10134580
2,2020,'50501   ',KG,37627280,46804305,4390944,5534960,2461827,2907746,4374684,4537798,4079085,6110195,2972859,3483365,3326566,4673215,3088056,4341287,2158579,3256763,2349253,2859516,2726632,2879039,3059263,3156329,2639532,3064092
2,2020,'5050101 ',KG,870274,1522161,143047,213805,54940,82876,89874,178214,106440,184552,70494,140242,79424,144578,60714,112596,47599,74931,38548,76775,68372,114590,40087,98406,70735,100596
2,2020,'5050103 ',KG,2249456,4830381,332586,716241,65600,164244,341543,637788,298307,794296,252781,611689,241427,450343,115698,265756,102343,201062,75901,186353,73547,132764,171096,323266,178627,346579
2,2020,'5050105 ',KG,1030095,1381245,119885,151005,83262,127086,114073,134270,167124,156777,76560,122916,60844,87719,70344,127574,56793,79916,62018,95514,55232,130167,67408,72674,96552,95627
2,2020,'50503   ',KG,2452203,1634769,231134,131996,69368,213148,300862,154823,293783,277407,106735,60388,349411,130120,354580,143631,172733,87793,35073,93328,147790,83249,205474,153775,185260,105111
2,2020,'5050301 ',KG,985680,183478,70400,13532,35500,6815,69300,13452,99880,18419,61800,11401,253100,47352,114250,20622,27300,5357,0,0,85750,15935,89300,16387,79100,14206
2,2020,'50505   ',KG,60332101,45712477,6000318,4564971,3122489,3355760,6759784,4562006,5495777,4709289,5004866,3812264,5656377,4142393,5594597,3464764,4171457,2972990,4442163,3389735,4412116,3676748,4506163,3637924,5165994,3423633
2,2020,'507     ',KG,103550519,3197263742,8525802,282509257,6928994,259203362,8751571,285255817,10426143,298951477,8906464,254791919,9800834,309636119,9952285,265087669,7404670,227936070,8022481,247691941,8577589,287321017,8208437,245058802,8045249,233820292
2,2020,'50701   ',KG,19167417,23968712,2105601,1931901,1445931,1400138,2404348,2634536,1932546,2550719,1135505,1666443,1493292,2209664,1729505,2100618,975168,1549345,1271213,1500104,1629011,2259310,1446106,2186750,1599191,1979184
2,2020,'50703   ',GR,1884488000,35284053,188501000,2724650,88117000,2484064,150655000,4276558,225615000,2389908,138298000,2571567,210237000,3493131,154695000,3742920,153919000,1978705,133133000,2268459,158843000,3093009,127440000,2912234,155035000,3348848
2,2020,'50705   ',KG,14223,24084393,1701,1922365,1051,2115420,1024,1768433,1206,2020440,1226,1491936,1860,2101659,397,2060659,1084,1300151,1446,1697128,866,2538470,754,2247316,1608,2820416
2,2020,'50707   ',KG,3900505,56180910,313502,5398072,277355,4993823,365253,5745812,578350,5800059,334830,5054095,313072,5178022,307908,4104177,242764,3567532,334534,4663840,283958,4390415,291691,3976732,257288,3308331
2,2020,'509     ',MT,613325,461904127,49051,42306597,36527,33330850,47582,38934763,59644,43096317,56958,37867186,57358,37899351,61891,41317834,50979,35550474,50414,39237040,46257,36066112,50865,38502905,45799,37794698
2,2020,'50901   ',MT,12313,17808863,617,1391010,2643,1813501,399,1323282,2744,2271255,1124,1577028,1159,1653355,788,1441375,496,1235278,1093,1403371,368,1095355,628,1827404,254,776649
2,2020,'50903   ',MT,14347,42289318,1418,4589369,1323,4200152,1206,4206379,1255,3838446,1150,2386417,1428,4015143,1446,4926554,1073,2218258,1010,2660924,932,2781692,957,2715367,1149,3750617
2,2020,'511     ',MT,1815045,73084218,151363,6759475,194794,7718701,166443,6971243,219179,9262692,127363,4902920,168353,6616302,103603,4222064,132162,5378692,138783,5244974,175544,6755171,139335,5301623,98123,3950361
2,2020,'51101   ',MT,565658,21919498,54783,2472612,51094,2033872,56595,2430283,83611,3327078,15463,592150,80305,3161720,22081,863687,29879,1058646,47160,1681987,45204,1583175,59172,2026465,20311,687823
2,2020,'5110101 ',MT,436628,16278614,49318,2174190,32128,1280267,46968,1927055,77302,3004272,11000,376334,72550,2763937,4601,157134,24170,779502,12170,388823,40371,1348565,49944,1597568,16106,480967
2,2020,'5110103 ',MT,73532,3708473,5419,295581,4096,212815,9345,491948,6191,315798,4434,212347,7333,381728,6079,312466,5544,273313,7506,365665,4592,225522,9008,422733,3985,198557
2,2020,'513     ',MT,4238,11112617,339,990471,263,751845,222,947814,645,1115936,710,988107,680,854656,508,721225,143,718399,147,709805,255,1252729,155,1152555,171,909075
2,2020,'515     ',MT,3467006,881395737,330067,87700828,273717,67847993,317758,83650217,323569,85166677,298166,75827196,303324,78773204,303245,73984876,245561,60029229,267948,65421263,272993,66386664,273604,69581776,257054,67025814
2,2020,'51501   ',MT,22230,14818621,2318,1572328,1436,954559,2293,1477136,2613,1557447,1857,1315503,1556,1280592,1770,1130338,1525,1000302,1852,1051678,1489,1003628,1762,1271683,1759,1203427
2,2020,'51503   ',MT,102517,36961936,10107,3758447,6121,2412757,8748,3354161,10069,3604288,8828,3110881,9903,3441703,8713,3067986,7139,2686546,8091,2788227,8223,2865094,8607,3179183,7968,2692663
2,2020,'51505   ',MT,457178,91700962,41320,8482291,36405,6682457,42086,8638596,41928,8826185,41882,8414043,43048,8319903,42722,8482008,32144,6372621,32693,6676158,35972,7293943,34100,6895338,32878,6617419
2,2020,'51507   ',MT,24559,7111013,2895,861607,1590,646739,2077,535734,2294,715823,2386,603869,2866,589234,2557,659149,1552,422225,1453,438019,1685,609281,1749,605033,1455,424300
2,2020,'51509   ',MT,907820,216009519,99518,22383259,80925,17809977,92999,21496895,86505,21755894,74831,18341982,77189,18949814,74111,16895018,58478,13949581,64071,15929307,69749,16457883,66797,16147902,62647,15892007
2,2020,'517     ',MT,2111983,791852725,194235,67366599,120914,53902944,193295,70230204,216139,74773241,199423,81377707,214641,73724239,174601,65677677,136368,58737611,162679,59569971,166582,62974243,172518,62087119,160588,61431170
2,2020,'51701   ',MT,176833,102098378,9997,7251497,5791,4101260,11160,6019328,17868,10054661,35268,22161020,26465,14141760,17296,8737055,12066,6653116,11051,5624182,11303,6941801,9782,5746396,8786,4666302
2,2020,'51703   ',MT,151415,8033133,12684,718912,11188,620854,15686,855707,5151,277422,19570,969862,16807,966288,19771,1027846,9836,566196,13633,693768,11595,579745,8336,408610,7158,347923
2,2020,'51705   ',MT,4659,4012670,391,331060,306,255330,481,409424,416,356161,324,277678,332,295761,317,300650,684,585687,273,243524,356,299909,402,336124,377,321362
2,2020,'51707   ',MT,25356,3614657,3252,427709,1644,223197,2177,338000,2707,350099,1777,253072,3115,430723,1875,236772,2508,344528,1449,187892,1055,155302,2402,373852,1395,293511
2,2020,'51709   ',MT,114471,43664172,11728,4495340,9610,3809737,12246,4646061,9567,4034778,9355,3907111,11484,4167391,7351,2993374,8933,3127296,5593,2236781,11145,3798214,6705,2660945,10754,3787144
2,2020,'51711   ',MT,23438,69919583,2137,4618382,1971,4699492,2378,7947352,2442,6260151,2432,7101900,2358,4663418,1984,4534465,2264,5293766,1227,6777520,1825,6077530,1280,6929068,1140,5016539
2,2020,'6       ',  ,0,6563542894,0,598949813,0,435425653,0,572120967,0,673842689,0,625201416,0,526243692,0,521869686,0,456544981,0,520321714,0,539502104,0,541074570,0,552445609
2,2020,'601     ',KG,7295805,19437790,824675,1969775,459913,1264596,638273,1739178,692462,1268363,699254,1202046,484379,1342079,621999,1570645,575169,1727845,590841,1663135,619812,1916505,561488,1776580,527540,1997043
2,2020,'60101   ',KG,123070,400110,9584,43071,10480,40520,15151,48782,1031,5869,10339,33773,15053,46914,9516,29798,14849,34572,3805,18177,5605,24407,11079,28240,16578,45987
2,2020,'603     ',MT,417335,240716434,40797,23648051,25870,16510737,41682,24330234,40469,22416008,31335,17666846,31128,17705647,30845,18093903,30731,17648734,35405,19969583,38364,21571201,37893,21416771,32816,19738719
2,2020,'60301   ',MT,36340,28347392,3999,2994687,2099,1792522,3552,2762542,3391,2510963,2752,2037982,2711,2106675,2738,2224229,2732,2071798,2916,2200163,3169,2387561,3197,2511695,3084,2746575
2,2020,'605     ',  ,0,617168418,0,62779193,0,51007255,0,57210624,0,58299717,0,46963116,0,47685663,0,50997373,0,45472736,0,47622426,0,52836287,0,49054243,0,47239785
2,2020,'60501   ',  ,0,126425916,0,13907462,0,10443017,0,12556448,0,13334898,0,11604503,0,10362287,0,9282996,0,9822788,0,7600287,0,9907853,0,8352406,0,9250971
2,2020,'6050101 ',  ,0,126367582,0,13900388,0,10443017,0,12550112,0,13329709,0,11597806,0,10354105,0,9280915,0,9815831,0,7596682,0,9904666,0,8350331,0,9244020
2,2020,'60503   ',MT,9840463,212597588,930182,21482015,943315,21450759,965839,20956578,1026288,22886404,749442,15888248,643488,14920820,738721,16439770,624689,12967305,796232,16385204,848266,17367367,837599,16688491,736402,15164627
2,2020,'6050301 ',MT,9491051,188668501,895943,19185987,912837,19555495,934087,18828181,989176,20487029,728005,14401524,614374,12899966,708183,14294921,600965,11328833,770940,14584699,818671,15260188,810445,14778558,707425,13063120
2,2020,'60505   ',KG,858293676,151322883,77434720,13880602,69394714,12217544,68768513,12712050,60478873,9375251,58002713,8539919,72572410,11180667,83946302,14357378,75934215,13464709,79298140,14407111,73565078,14995105,74099084,13725261,64798914,12467286
2,2020,'607     ',MT,1729243,305012523,154843,29467011,123394,20016830,155137,26889654,160861,28791106,154780,26472588,155152,27036955,146970,25618686,121681,22090635,129005,23341993,148419,25496622,139503,24895939,139498,24894504
2,2020,'60701   ',MT,1258626,156793742,108742,14250162,99341,12414517,114695,14377289,112656,14041855,111698,13583080,111866,13946225,107907,13389217,86777,11008281,93119,11626097,112114,13781465,100529,12286430,99182,12089124
2,2020,'609     ',  ,0,1245822525,0,84117742,0,45723542,0,80270514,0,183178013,0,203939206,0,99594944,0,92527376,0,87534095,0,95264897,0,97360104,0,93520272,0,82791820
2,2020,'60901   ',KG,214865895,85605528,24416818,10699534,17387714,6899247,21234989,8937633,22255572,9470440,18514132,7500521,16531421,6697273,15509567,6404782,13287379,5329837,13683376,5348963,17028235,5984421,17511534,6226279,17505158,6106598
2,2020,'6090101 ',KG,664012,3607029,119501,686639,23604,153530,97769,569735,43648,296645,84385,487064,43721,245990,37518,169233,34418,163009,45679,203078,32986,158495,52215,251363,48568,222248
2,2020,'6090103 ',KG,39591688,16108069,4477760,1929022,3341556,1376718,3376234,1484588,4430899,1879358,3496740,1356668,3516402,1362309,3724888,1422756,2766321,1058088,2102096,856291,2720385,1218582,2884973,1121488,2753434,1042201
2,2020,'6090105 ',KG,159153229,53225956,17930738,6382742,12622912,4264844,16171936,5417939,15946394,5516176,13667171,4575044,11670054,4060602,10618571,3871889,9596247,3423696,10514419,3538721,13190562,3923466,13513222,4113845,13711003,4136992
2,2020,'60901051',KG,1680,551,0,0,0,0,1680,551,0,0,0,0,0,0,0,0,0,0,0,0,0,0,0,0,0,0
2,2020,'60903   ',SM,226616053,22059849,20227782,2191861,11294167,1277628,17405704,1831630,26605177,2498074,24117723,2308470,17398931,1828253,21801228,1983782,16023389,1402122,17036561,1580072,21205639,1823292,16108541,1557634,17391211,1777031
2,2020,'6090301 ',SM,226613365,22055156,20227364,2191034,11294167,1277628,17405704,1831630,26605177,2498074,24117723,2308470,17396885,1825207,21801228,1983782,16023389,1402122,17036561,1580072,21205639,1823292,16108541,1557634,17390987,1776211
2,2020,'60905   ',SM,10961601,11930848,1132057,1071096,581544,776023,1194061,1094897,1061464,1110316,940572,1130601,1468583,1829345,1252537,1580111,903040,1025638,737204,703090,457334,438071,565222,532561,667983,639099
2,2020,'6090501 ',SM,10859904,11664107,1126004,1055111,575465,756140,1187545,1073736,1047649,1088505,934317,1105353,1451041,1788976,1238194,1541201,893907,998830,734573,694227,455372,432752,559831,517651,656006,611625
2,2020,'60907   ',SM,5526264,3187621,434177,379017,218829,198028,412641,314382,262098,249187,512319,280219,324368,272221,616201,348025,428756,162398,364777,230026,647588,219533,768289,323862,536221,210723
2,2020,'60909   ',KG,57156118,37168664,6515571,4330274,4355598,3004478,5438214,3672442,5172780,3450198,5498354,3223324,4844244,3199546,5325889,3318502,3935852,2415344,3563985,2418538,4357685,2782960,4157180,2752560,3990766,2600498
2,2020,'60911   ',KG,7136293,8874959,793670,1060263,493516,548190,733782,819022,748767,813851,460462,635582,524494,609001,603972,726637,521454,646427,550615,729709,515951,747818,561742,759461,627868,778998
2,2020,'60913   ',MT,98663,60059263,9038,5276915,3783,2589764,7552,4742978,7828,4918675,6495,3903970,6798,4083222,7344,4488349,8558,4971551,10308,6449928,11862,7108182,10712,6502364,8385,5023365
2,2020,'60915   ',KG,11914396,11009874,1025849,955373,880361,756585,941613,894866,1116367,937573,1115791,994678,1023444,1106505,1011711,999473,1006950,959869,993980,892052,914426,794890,918958,822129,964946,895881
2,2020,'611     ',  ,0,570299215,0,58927189,0,37236233,0,51934570,0,52810395,0,41864889,0,44112328,0,48983288,0,41157167,0,48326168,0,47843075,0,50587266,0,46516647
2,2020,'61101   ',  ,0,220375879,0,20518262,0,13916649,0,18953461,0,19339613,0,16744561,0,18036350,0,17221107,0,16687032,0,19350442,0,19665385,0,21297864,0,18645153
2,2020,'61103   ',GR,267207,49255001,28929,6832915,16789,4158955,14681,4346484,4009,2668831,12100,1705970,18341,2622984,21350,4662260,27282,3897982,32767,5047220,38647,4396501,20419,4765371,31893,4149528
2,2020,'61105   ',KG,388833,16715537,29865,1738785,56484,1195672,17965,1082756,37265,2260653,7719,647961,62737,775916,32874,3507884,11170,994200,15482,1101772,40343,1230617,29843,1109955,47086,1069366
2,2020,'613     ',MT,6573272,705979060,647547,74563351,560049,58518404,596235,67297920,632655,72266374,543877,59228757,519354,57874056,490036,57009749,440057,43386762,482063,48673526,597532,56953160,510403,52005825,553464,58201176
2,2020,'61301   ',MT,46399,2083071,1101,27581,12092,530597,564,25961,0,0,635,26843,1808,77429,11678,563413,105,4514,4228,178197,4600,211319,7251,326000,2337,111217
2,2020,'61303   ',MT,1217045,180640277,137899,21422089,113158,16257590,111506,16493027,143053,22103060,106396,15966627,101380,16073434,117421,19042106,48073,7049078,90343,11469550,82220,11379427,66690,9206900,98906,14177389
2,2020,'61305   ',MT,827651,89989931,80171,9125418,64358,7009265,81993,9178967,86409,9310302,72391,7410181,55164,6660897,63194,6890502,56460,5925360,56826,6277632,66976,6999402,79332,8096954,64377,7105051
2,2020,'61307   ',MT,3831315,294439287,368206,30054379,323527,26324119,355966,29158725,351531,27989710,317312,24051888,298146,22348041,263551,20036399,276473,19847979,277561,20430219,363775,26179045,309895,23359851,325372,24658932
2,2020,'61309   ',MT,300592,104704099,29036,10478524,18893,6117800,28366,9640150,25859,9631037,26295,9358836,28674,9857483,23023,8908175,24696,8116736,22961,7931585,25546,8238197,23015,8206764,24228,8218812
2,2020,'615     ',MT,2630492,1723276440,261612,147494589,226338,141144038,256591,164838847,254190,147616295,235184,131889791,211283,134026175,172765,126898815,160192,112435153,177410,146064719,209474,139401069,214838,153267106,250615,178199843
2,2020,'61501   ',KG,2628054,877473879,290887,57943460,199793,69372270,293314,79254330,275009,64979407,140635,58946512,184552,68489622,299898,69585310,225019,60332687,206092,89922909,152644,72611262,160425,85110528,199786,100925582
2,2020,'6150101 ',KG,108303,744156426,7454,44697421,8306,59157474,10475,66108760,9790,52607965,9000,54491811,10907,59816854,8203,56778306,7101,47605782,9679,77570858,7830,64633067,8797,73731970,10761,86956158
2,2020,'61501011',GR,34179023,101744637,1996029,6848736,2141542,7364063,4120567,11256957,3840364,9906108,2487712,6695899,4216833,12088990,1842767,5428653,2307866,7212556,2721936,8609013,2488043,7387854,2849504,8371898,3165860,10573910
2,2020,'61501012',KG,49093,372214715,3209,22240419,4045,32454694,4007,31184951,3770,26603913,4336,29697646,4559,31715111,4441,32299484,3125,24270364,4589,38497715,3486,28081373,4156,33473793,5370,41695252
2,2020,'61501013',GR,6416799,229134913,510532,11840420,483010,14192792,635224,19680547,436022,13035666,571014,14921904,461707,12900844,539553,16276956,334092,12950793,537491,26822734,540926,26331339,632723,28777050,734505,31403868
2,2020,'6150103 ',KG,2519749,133317453,283433,13246039,191487,10214796,282839,13145570,265218,12371442,131635,4454701,173645,8672768,291695,12807004,217918,12726905,196413,12352051,144813,7978195,151628,11378558,189025,13969424
2,2020,'61501031',KG,2500147,133053492,281607,13222853,188859,10184452,281662,13131638,264141,12356215,130425,4439638,172567,8657802,290557,12788911,215602,12697680,195175,12325860,142832,7954442,149242,11347394,187478,13946607
2,2020,'61503   ',MT,109475,109664298,11272,11162506,7882,7810754,9784,10148781,11198,10984930,9167,8832712,8970,8594293,8511,8417926,6650,6821510,7328,7648495,8662,8828057,9413,9763094,10638,10651240
2,2020,'61505   ',MT,40433,76110068,4397,9152809,3037,6074430,4234,8576258,4327,7996560,2996,5489613,3624,6263096,2829,5154297,3503,5872370,2183,4106174,3811,6809752,2729,5316988,2763,5297721
2,2020,'61507   ',MT,2282967,495200459,226086,51907659,201767,45462578,221806,49492776,219303,48699048,203306,42562862,181259,37700108,147259,31589662,140286,29164593,156726,32626725,183930,39103979,186005,39920241,215234,46970228
2,2020,'61509   ',MT,36594,8124704,3326,794813,2532,607487,3390,791961,2770,632801,2972,638239,2771,615844,3196,704777,2410,513354,3138,703443,3041,627256,3574,746560,3474,748169
2,2020,'61511   ',MT,23641,6871391,2508,775637,1614,462152,2261,651444,2091,587507,2581,682909,1186,337139,2817,747775,931,291566,1347,392830,1973,579376,2331,703926,2001,659130
2,2020,'61513   ',MT,19982,37417681,2261,4294186,1448,2776321,1978,3631941,1538,2707531,2036,3416800,1516,2642522,1432,2606188,1168,2220027,1632,3125724,1679,3269180,1672,3243393,1622,3483868
2,2020,'61515   ',MT,8245,32265640,718,3065179,564,2333488,786,3184544,548,2198447,835,3332603,650,2664811,683,2704052,649,2363816,680,2442368,728,2710387,690,2635779,714,2630166
2,2020,'617     ',  ,0,1135830489,0,115982912,0,64004018,0,97609426,0,107196418,0,95974177,0,96865845,0,100169851,0,85091854,0,89395267,0,96124081,0,94550568,0,92866072
2,2020,'61701   ',MT,943226,202982874,85101,18627458,48772,11455504,74958,15965984,83508,18117335,71872,15643686,92319,19029598,97960,20546397,77721,16878026,75722,16195809,88397,19150985,76928,16381169,69968,14990923
2,2020,'61703   ',MT,297914,97070923,33169,10831644,13296,5745459,27907,9660163,31249,9682535,30571,8996608,27453,8393626,23577,7674067,19280,6419625,22253,7250499,22385,7319502,24557,7842017,22217,7255178
2,2020,'61705   ',KG,65373142,133967471,6524812,13202856,3691421,9275818,5019534,12121581,6785339,12864320,6042672,11397949,5918518,11175036,6083789,11104384,5041381,9940856,5171079,10285966,5033017,10683952,4849549,10898245,5212031,11016508
2,2020,'61707   ',  ,0,33920591,0,3779793,0,1528233,0,3059684,0,3179608,0,2940083,0,2873668,0,3193198,0,2959595,0,2602153,0,2459966,0,2610158,0,2734452
2,2020,'61709   ',KG,145929959,107525626,14133876,10456358,5416182,4339679,8689477,6241508,13972320,9869203,11226728,8022936,12311054,8570222,13817769,10193127,12461420,8899156,12531931,9342658,13273812,10325813,14391668,10776584,13703722,10488382
2,2020,'7       ',  ,0,20996661543,0,1942340185,0,1369952620,0,1896232764,0,1839500304,0,1599701842,0,1574236732,0,1676795339,0,1554846654,0,1693372764,0,1868083244,0,2006265875,0,1975333220
2,2020,'701     ',  ,0,7042543979,0,667989687,0,442299251,0,593595005,0,617533910,0,602721807,0,607859703,0,604373463,0,529790848,0,560012934,0,592279745,0,596480064,0,627607562
2,2020,'70101   ',MT,300885,897201678,29938,90823483,20045,79824309,30169,85486574,28908,78411398,21002,65466728,20950,72856624,23833,63580764,19791,64438887,24703,63628002,27434,75452827,26788,73931331,27324,83300751
2,2020,'7010101 ',KG,46542964,36624545,3355127,2777917,1973897,1470798,4241169,2320540,4993331,3865829,3606243,2507695,2175784,1300510,4515287,2931284,3726815,2622813,5081147,4035199,4376708,3420394,4518273,4766401,3979183,4605165
2,2020,'7010103 ',KG,7403930,18579163,645693,1358680,402792,759641,1164705,3349514,324891,979785,507391,674292,2111082,6298164,363992,668309,430780,714245,236753,786451,444026,1487968,346934,625418,424891,876696
2,2020,'7010105 ',KG,4219266,478175160,419008,47724701,454935,48401973,428848,41935215,439150,42266655,407862,35945364,361792,40137028,253925,32032743,279470,33394134,262449,31960083,314783,38567581,282353,40471521,314691,45338162
2,2020,'7010107 ',KG,187993256,246591989,20590668,29680232,13795714,19427429,19340174,24888006,18125536,23700069,12167220,16224084,12291462,14958087,14403505,18190862,12493377,17133068,14608145,18799510,17276612,22009433,15438319,19936129,17462524,21645080
2,2020,'7010109 ',KG,3914448,47491168,196675,3263008,212693,5028998,186760,6246396,172348,1811465,607436,4131261,236920,5457624,340042,4986135,206795,2970205,546398,2680462,462462,4129306,306902,1752832,439017,5033476
2,2020,'70103   ',  ,0,71791324,0,8087503,0,7365277,0,5602381,0,8861708,0,6400258,0,6111333,0,5246912,0,4853129,0,5661283,0,3630286,0,4567730,0,5403524
2,2020,'7010301 ',NO,1913,16646785,298,2906459,153,1509967,49,362415,263,2269783,153,1040103,132,999981,88,551462,137,1269431,234,2025985,109,1139372,131,1056036,166,1515791
2,2020,'70105   ',  ,0,2891651554,0,261736293,0,155373994,0,230254384,0,254929488,0,265639341,0,246865969,0,251238904,0,238917656,0,241105710,0,238223483,0,253439669,0,253926663
2,2020,'7010505 ',NO,108825167,2406227691,10195304,205248176,5219005,125894383,7861017,185248218,8565908,210988860,9471885,222802781,9573280,205943212,10010853,210579292,9489839,202291971,9011740,205808108,8904160,201639502,10124259,213184148,10397917,216599040
2,2020,'7010507 ',KG,94537105,413027878,12263120,46736721,4611810,25205900,8752845,37314723,8447361,38185617,8301094,37200120,7695700,34892791,7903993,34865609,6624435,31004672,7170641,30580389,7648939,31320488,7701764,33969983,7415403,31750865
2,2020,'70107   ',  ,0,133860613,0,15314197,0,9521427,0,12609342,0,11632758,0,10399970,0,9917201,0,10178359,0,8745269,0,10515422,0,10922101,0,12533237,0,11571330
2,2020,'7010701 ',NO,149060,55530182,13180,7398011,2383,4378179,6008,4996565,13578,5056529,11370,4379810,7773,3796767,15865,3490475,6875,3716728,12864,4479940,14318,3565932,36576,5812515,8270,4458731
2,2020,'70107011',NO,4805,12539934,637,1610894,261,845607,622,1826243,327,1218777,479,1305265,362,990495,287,832837,278,568160,695,1109865,220,433440,415,894176,222,904175
2,2020,'70107012',NO,10388,792718,154,86354,55,233327,698,41605,1335,55047,2042,42702,41,26346,1535,39246,604,56286,1637,60623,1334,85740,62,30898,891,34544
2,2020,'70107013',NO,865,632221,106,27814,22,45398,53,10773,28,46390,73,9814,60,7786,193,21775,100,14659,121,233263,22,5647,45,169329,42,39573
2,2020,'70107014',NO,25182,8196462,2775,796324,155,1194103,1668,631221,3656,911369,2078,424761,767,848376,5158,820341,800,280583,2911,431688,4051,1013006,587,553939,576,290751
2,2020,'7010703 ',NO,5168,3634298,323,497698,19,45950,347,128514,694,432464,146,89286,723,249269,614,388505,422,164696,350,259462,689,1036220,583,199840,258,142394
2,2020,'7010707 ',KG,7866489,7269892,682027,603007,703732,574891,910034,877217,523659,426657,449772,429500,547515,633333,807258,778703,653088,547907,1045679,975584,694354,571737,382533,509415,466838,341941
2,2020,'70109   ',  ,0,60203221,0,5691955,0,2270915,0,4905603,0,5580585,0,4945272,0,5453581,0,5067300,0,4816109,0,4379724,0,5986335,0,5425087,0,5680755
2,2020,'7010901 ',NO,3175,429100,64,75275,1,2603,275,57157,12,51182,92,5111,54,9729,7,30453,2209,17543,95,56649,132,45699,117,53529,117,24170
2,2020,'70110   ',MT,7401,18635944,1193,2955130,338,1216213,695,1743012,782,1325210,552,1315883,467,1196432,528,1276287,568,1350354,572,1622598,592,1835753,487,1307537,627,1491535
2,2020,'70111   ',  ,0,20671122,0,3129634,0,1309116,0,2033130,0,2051506,0,1462166,0,802636,0,1693435,0,1260810,0,2207992,0,1362641,0,1444427,0,1913629
2,2020,'7011101 ',  ,0,10993483,0,2193757,0,285281,0,1115030,0,1079893,0,467865,0,119869,0,1007328,0,777188,0,1405007,0,736955,0,744308,0,1061002
2,2020,'70115   ',MT,4723,18969179,553,2501912,237,1073247,414,1624227,474,1842589,367,1522611,498,1858481,379,1494346,405,1448905,299,1281723,248,942614,545,1997737,304,1380787
2,2020,'70117   ',MT,510114,173252392,48222,16113916,31119,10566465,51127,16902576,43325,14507670,35780,12416122,37366,12643337,39427,14632478,33283,12106371,46803,16822294,49936,16318336,49245,15892948,44481,14329879
2,2020,'70119   ',  ,0,455732132,0,38929861,0,23642733,0,38004655,0,45102163,0,48859494,0,56232153,0,53575872,0,31635509,0,28055310,0,28787058,0,31384854,0,31522470
2,2020,'7011901 ',  ,0,268652869,0,20084372,0,12363023,0,22432466,0,28950026,0,33050162,0,40090643,0,35509110,0,17430758,0,13059583,0,13025900,0,15991507,0,16665319
2,2020,'70121   ',  ,0,575499108,0,54217607,0,36714571,0,51080259,0,53010193,0,47274773,0,48729598,0,47551483,0,40414376,0,45992283,0,46507349,0,50640564,0,53366052
2,2020,'7012101 ',KG,61393349,149940812,6207355,14566693,3319193,10037013,5737418,13713722,5800052,15376869,5224882,11677501,5072250,11588436,4721606,11967009,4122778,10215865,5194027,12568027,5254304,12008417,5602662,12690467,5136822,13530793
2,2020,'7012103 ',NO,11535420,79748804,1087124,8063319,923031,5843564,1146631,7752343,1080857,7037435,922234,6359267,1131371,6983797,905752,6705768,774404,5434059,720915,5940347,939475,5945229,930246,6801369,973380,6882307
2,2020,'7012105 ',KG,1945401,8883908,141852,634273,82346,612809,100073,596765,152635,601414,166900,724832,357193,873083,162906,810738,138161,809211,171098,856214,175889,983422,134476,679384,161872,701763
2,2020,'70123   ',KG,268769584,150909823,29768649,16752218,15823291,11022484,23704531,13050806,26181141,13297377,21648195,11003899,22243798,14396015,22941379,13707762,18254785,11156412,21644592,11602209,20493200,10955126,22717140,11496027,23348883,12469488
2,2020,'7012301 ',KG,64579578,64031958,6276160,6015176,3631327,4860005,5024453,5205935,6417198,4651680,4819061,4647046,5336276,6207436,6386565,6775032,4732262,4770242,5908768,5585344,4765807,4628317,5523630,5184995,5758071,5500750
2,2020,'70125   ',KG,18894809,44981338,2016037,4404360,884846,2825945,1405311,3948457,1715122,3815952,1686813,4160457,1677275,4008883,1875978,4127510,1444243,3383589,1446654,3441706,1401656,3438224,1745500,3845998,1595374,3580257
2,2020,'70127   ',KG,91073186,245102250,9643932,25443133,4577348,15758511,9027363,23657174,8797634,22053645,7446030,19860332,8286538,22993637,7661757,19436189,7129810,18658291,7075524,18600536,7435480,20500240,7331331,19306892,6660439,18833670
2,2020,'70131   ',KG,28063734,512570261,2212562,40733924,1719329,31830442,2686797,31828251,2869003,33970962,2829290,43729894,2651881,38068252,2549829,49176032,1648672,31088498,1852250,43502021,2543979,62912745,2036529,41602782,2463613,64126458
2,2020,'7013101 ',KG,6232527,297356057,550301,24927925,390890,16688318,379246,15049319,372307,18373836,636048,25360564,566835,20444766,683204,31329652,417111,15111497,420554,27431367,710321,39236641,487068,21868454,618642,41533718
2,2020,'703     ',  ,0,11354354517,0,1026273268,0,727814424,0,1017867247,0,961519069,0,831075175,0,854987898,0,912356416,0,825745703,0,896448042,0,1063094337,0,1187119501,0,1050053437
2,2020,'70301   ',  ,0,604766057,0,58534245,0,34153018,0,50475914,0,50357428,0,49275518,0,52459686,0,51986848,0,45481038,0,50684341,0,51527269,0,58042054,0,51788698
2,2020,'7030101 ',NO,285870171,202208950,30688866,19657942,19112696,13507768,27732004,18374824,24920301,17870370,20792916,16682278,18966328,16991152,16935744,15570700,18564602,13332589,25624871,15782887,24879485,17193655,31690415,21262764,25961943,15982021
2,2020,'70303   ',KG,92542863,511467440,9636533,50367967,5335966,34003109,8466027,49150921,8007043,43606445,7384174,40106387,7624898,42122083,7480506,41710907,6660611,37735307,7396106,40224154,7805848,42844536,8504878,45446767,8240273,44148857
2,2020,'7030303 ',KG,49142683,299166779,5032278,29356502,2881600,19176276,4440361,28143223,4174653,25470303,3909675,23904895,4194679,25032007,4154104,25183398,3538400,22643110,3948267,24150841,4124763,24936909,4444093,26463844,4299810,24705471
2,2020,'70304   ',KG,337335979,749139628,33256945,71854957,22753648,54149902,31289039,70310202,26823988,58918162,21166130,47250831,23019718,51245005,26731051,58248636,26946379,57864059,29182925,63909678,31455064,70107431,32848544,75079576,31862548,70201189
2,2020,'70305   ',  ,0,1276892625,0,121380331,0,74960346,0,109535714,0,98177171,0,82698332,0,96542900,0,109660802,0,98038100,0,109673022,0,120963712,0,131630297,0,123631898
2,2020,'7030501 ',NO,9965336,54861589,1209996,7032637,433053,5323756,617982,5670375,716109,4111129,632573,3002941,880702,3930189,983577,3986441,940391,3406178,867320,4241655,891115,4195955,885348,5346551,907170,4613782
2,2020,'7030505 ',NO,34538049,311125348,3366804,31449778,1882491,19331251,2753970,27372727,2558961,22817002,2294086,17388310,2748163,21544453,2865718,24392948,2669558,23697392,3041208,26412607,2987166,28902858,3763203,33898769,3606721,33917253
2,2020,'7030511 ',NO,726700483,246494888,65542776,21305002,72609698,12976527,49567022,21094734,66628887,19349219,44371669,16704839,52423138,18430085,62872763,24375535,51163353,18335619,67185240,19191951,71747397,26005190,71979111,24952475,50609429,23773712
2,2020,'7030515 ',KG,1891848,16392194,176866,1539275,112170,1084620,141176,1364659,135127,1319356,122967,1040998,151846,1310820,161288,1368949,138000,1161378,176422,1550080,208404,1676423,193592,1526335,173990,1449301
2,2020,'70307   ',  ,0,2850319263,0,243254313,0,143817414,0,267848873,0,248457302,0,188435805,0,178733590,0,209413145,0,194454481,0,180587078,0,304638394,0,401458709,0,289220159
2,2020,'7030703 ',NO,34534967,1603579115,2879882,133730005,1418826,68473969,3394979,168558568,3209360,157663760,2602563,97905751,2392567,75372484,2437852,92330558,2417068,94677968,2027284,70113644,3595247,187134612,4813717,281717494,3345622,175900302
2,2020,'70309   ',  ,0,683582117,0,62345077,0,32395531,0,50269277,0,58190430,0,51426013,0,57806826,0,61711518,0,53413646,0,60417680,0,63717865,0,69797604,0,62090650
2,2020,'7030901 ',KG,200544921,98224890,18107442,8783477,11664092,6050718,17366700,8442144,19326861,9620793,16634389,8121572,18564879,9312775,21249266,10488732,18019020,8607393,15601735,7528195,14653829,7297264,15160378,7298452,14196330,6673375
2,2020,'7030903 ',KG,34107665,32411084,465209,603993,419247,482549,2451977,2283061,6253613,6163897,7356004,6870475,7621798,6929682,4775826,4221521,1478578,1379365,803333,868134,854485,907007,839602,829410,787993,871990
2,2020,'7030905 ',KG,5943993,17029424,536900,1252917,321306,905877,385815,1357870,588765,1659586,378508,1021986,421724,1318702,495479,1504613,438145,1283606,474852,1361264,605016,1667150,663670,1804221,633813,1891632
2,2020,'7030907 ',KG,66293352,43360595,8418978,4824682,4343582,2907963,5541238,3408843,6998695,4450086,4699128,3243497,4477197,3132296,4070465,2925615,3783264,2660642,4522982,3118080,5250795,3514461,6481360,4290894,7705668,4883536
2,2020,'70311   ',  ,0,2505843229,0,215012485,0,193266318,0,223301543,0,218059419,0,207569881,0,208459132,0,204874573,0,178833435,0,212881329,0,224625906,0,209644254,0,209314954
2,2020,'7031101 ',NO,11216234379,67147253,1143648010,5505180,959116989,4454270,1027261257,5827214,858373916,5430774,924526823,5720781,837028153,5916396,858569316,6058929,690280341,4992956,895162661,5290806,1053339459,6032282,990819914,5944765,978107540,5972900
2,2020,'7031103 ',NO,24524707940,1990530197,1892000573,165669299,1995826839,157906111,1997209929,174071701,1989919187,175167560,2271374768,165079268,2066485061,163667084,2203877271,162514841,1913838844,140977918,1974793619,172543439,2332072351,179531941,1998442210,166114760,1888867288,167286275
2,2020,'70313   ',  ,0,638168613,0,65232474,0,55750788,0,61798706,0,50908394,0,41509810,0,47818714,0,48142017,0,48232542,0,51489979,0,52989836,0,57284483,0,57010870
2,2020,'70315   ',KG,6314865,21089638,792338,2152194,479388,2118219,567915,1973279,710706,2125602,489645,1588783,487952,1730017,519608,1542413,415235,1413408,373153,1477342,444837,1963453,537560,1424748,496528,1580180
2,2020,'705     ',  ,0,2599763047,0,248077230,0,199838945,0,284770512,0,260447325,0,165904860,0,111389131,0,160065460,0,199310103,0,236911788,0,212709162,0,222666310,0,297672221
2,2020,'70501   ',NO,310020,1165325800,27602,112806081,19054,75895927,31355,124604482,29477,113832843,19900,72993184,6117,30017596,19807,73530717,24923,95422345,34569,118965525,29752,102587844,26835,99258767,40629,145410489
2,2020,'7050101 ',NO,282606,1083237853,25603,104195906,16738,69250129,29042,117753059,27642,108769479,19333,70735815,5766,26904848,17892,67288369,22786,89065953,31221,109512059,26297,93952180,23537,89698597,36749,136111459
2,2020,'7050103 ',NO,26615,74353888,1853,7241895,2255,6258749,2211,5712075,1744,4300356,540,1964014,323,2870609,1868,5739161,2086,5706801,3265,8800087,3421,8231887,3235,8882075,3814,8646179
2,2020,'70503   ',KG,681828543,674701582,76545141,75390074,47620631,50307993,67111031,68323673,56178793,57753460,35217996,38130611,34965513,41004067,43155347,43643932,46733496,44935014,63511936,58922445,72935306,66279485,73004189,68106939,64849164,61903889
2,2020,'70504   ',  ,0,111277731,0,10135868,0,8810818,0,10359723,0,9448981,0,7702370,0,7848340,0,9501321,0,9114594,0,10078313,0,9114345,0,8986405,0,10176653
2,2020,'7050401 ',NO,707491,81427557,66007,6813636,31035,5934015,42610,7586689,68616,7370694,61285,5902282,63919,5941920,59468,7193958,60737,7011468,62862,7719614,63151,6677914,58678,6160887,69123,7114480
2,2020,'70505   ',MT,5237,441281897,451,26788616,613,53383070,734,65167730,425,57700217,402,32983212,309,16197720,254,16680402,403,36826601,376,34085350,346,20234187,337,26535805,587,54698987
2,2020,'70507   ',NO,140479,40551721,15566,4365443,6278,1850301,11680,2608501,15518,3566865,14311,1037855,21098,3089430,14384,3777747,7460,630724,6086,2745313,8836,1222381,11258,4118551,8004,11538610
2,2020,'7050701 ',NO,17,16966465,4,400409,0,0,1,736,1,17862,0,0,1,2562,1,2700000,0,0,0,0,2,173102,3,2980193,4,10691601
2,2020,'70507011',NO,1,10220000,0,0,0,0,0,0,0,0,0,0,0,0,0,0,0,0,0,0,0,0,0,0,1,10220000
2,2020,'70507012',NO,14,6743167,4,400409,0,0,0,0,1,17862,0,0,0,0,1,2700000,0,0,0,0,2,173102,3,2980193,3,471601
2,2020,'70509   ',NO,6308969,69079402,631508,7186094,352782,4356787,456381,5114361,724752,7262080,568495,5935598,549837,6016529,474885,5376281,472736,5316750,476449,5266332,503817,5250168,581859,6249861,515468,5748561
2,2020,'8       ',  ,0,8753161624,0,907133614,0,543198618,0,775664142,0,740378131,0,572043648,0,635910906,0,742076106,0,725810466,0,792040679,0,808101109,0,766542858,0,744261347
2,2020,'801     ',KG,54383836,119270818,6465536,14552868,1751101,5230398,3621275,8809583,4971206,11398989,4788405,10343689,4898631,10207253,4763794,10371316,4211729,8701174,4656748,9749851,4815367,10059232,4970443,10280770,4469601,9565695
2,2020,'803     ',KG,1660242557,747969616,164913564,77269032,85970906,40282399,124734038,60999970,139913948,66047041,119531744,52842082,133637836,58387922,145933960,62261525,143243533,60670967,150287290,66416660,154711258,69811605,147889032,67442531,149475448,65537882
2,2020,'805     ',KG,142185893,506252972,21243348,67442503,6266519,37373955,11170251,44644877,14335684,36362695,10353964,26737701,10554358,34204828,11674919,42268980,10465804,38962273,11152848,41003028,11219403,43417022,11717890,43886199,12030905,49948911
2,2020,'807     ',  ,0,2723661938,0,304872902,0,150002821,0,254021587,0,245761993,0,146759241,0,162700402,0,227140634,0,252998628,0,283926500,0,257138615,0,214871625,0,223466990
2,2020,'80701   ',DZ,93658603,1146647356,10508518,136450673,5358937,69006063,9549923,116236779,10047053,107483232,6268329,66612960,6695573,71530053,7931034,96312440,7949001,107811529,8745257,121225827,7326596,99331486,6415868,74541333,6862514,80104981
2,2020,'8070101 ',DZ,26344770,490940490,3044581,56943226,1797731,33118880,2905225,48243397,2929706,42736163,1708408,26624246,1649092,29538285,2026875,40521932,2363830,49283827,2528011,55098999,1999335,43320074,1595688,32229092,1796288,33282369
2,2020,'8070103 ',DZ,42695045,599873203,5296451,75955971,2328085,34094424,4857038,64473720,5111615,59626995,2757492,32282914,2702623,35342147,3519574,48431958,3670750,54727747,3854807,61867510,3066425,51831162,2553011,38522098,2977174,42716557
2,2020,'8070105 ',DZ,5527805,26119518,531564,2370907,176735,923549,535940,2780186,731028,3794433,465449,2276585,445930,1713497,490900,2250921,486788,2099952,418681,2056598,408694,1898876,467487,1949280,368609,2004734
2,2020,'80703   ',KG,32416100,149797774,3613435,17170728,1474941,7958404,2584314,11866728,3242055,13310070,2332295,9535525,2457157,10975679,2985968,14361592,2833563,13561980,3101372,13778121,2918553,13619412,2443949,11935980,2428498,11723555
2,2020,'80705   ',  ,0,1279874181,0,137852751,0,65111239,0,114631358,0,114467003,0,61843249,0,69905059,0,104351379,0,118764349,0,134785524,0,128625033,0,112985010,0,116552227
2,2020,'8070501 ',DZ,79539275,68792460,10468717,8640257,3135347,3144591,8232559,6754930,9135635,7488681,4124354,3526394,4854911,4072661,5957295,5259561,6801190,5972723,7783402,6699543,6745520,6195226,6555846,6012675,5744499,5025218
2,2020,'8070503 ',DZ,96958527,345798497,10783864,39383433,6560301,24208523,11089576,40259153,11253459,40587340,5941486,21456577,6234444,21932721,8635414,29647671,7506439,26744486,7513156,25096326,7547876,26592754,6802684,24011095,7089828,25878418
2,2020,'8070505 ',DZ,45231278,438110092,4084365,42378190,1525791,16241097,2815045,26040949,2612457,22180878,1246693,11298761,1612637,17070139,3303358,33083914,4778627,48203932,6132127,60481144,5977427,57666316,5403791,50953249,5738960,52511523
2,2020,'809     ',KG,225737484,473378823,29874436,65612408,12987129,36105233,19365725,43678366,22575895,41922538,17174109,33405190,16843545,36230361,18688772,40993605,19101814,40636948,20281255,38865267,17739738,33163587,15491299,31038111,15613767,31727209
2,2020,'811     ',  ,0,1976386627,0,171952421,0,150794009,0,181497305,0,153247866,0,140698200,0,154016280,0,162381971,0,156234569,0,170869334,0,180542562,0,180511833,0,173640277
2,2020,'81101   ',  ,0,1711686783,0,143496375,0,127612051,0,154802632,0,141401548,0,130343669,0,137317433,0,139391597,0,135181235,0,146621529,0,155265796,0,153309201,0,146943717
2,2020,'8110101 ',  ,0,350389003,0,27142142,0,26778166,0,29766637,0,25031704,0,26865476,0,28094323,0,31884527,0,26837762,0,30908773,0,32317441,0,33210034,0,31552018
2,2020,'81101011',NO,10865382,14117341,1192789,1523173,879890,1213978,1393753,1363735,1180218,1079498,1401465,937604,995867,1077175,560064,1065361,534879,952076,630127,1340375,566276,1133920,713254,1267683,816800,1162763
2,2020,'8110105 ',KG,420260,4505886,57201,819768,14917,123324,34732,299105,68869,825388,34628,580302,16860,353279,38749,291899,35448,252816,13420,154737,24227,193726,57153,400029,24056,211513
2,2020,'81103   ',  ,0,264699844,0,28456046,0,23181958,0,26694673,0,11846318,0,10354531,0,16698847,0,22990374,0,21053334,0,24247805,0,25276766,0,27202632,0,26696560
2,2020,'8110301 ',  ,0,240135309,0,25716079,0,21617630,0,24189367,0,9797495,0,8192512,0,14924443,0,21102880,0,19237496,0,22506113,0,23556460,0,24810547,0,24484287
2,2020,'81103011',NO,18013938,215686150,2188866,22682617,1089865,20521706,1538446,22426046,2124464,8140104,1500645,6305320,1253688,12714450,1222808,19078737,1073038,17279954,1271017,20650091,1337910,21535050,1808659,22373445,1604532,21978630
2,2020,'813     ',  ,0,2206240830,0,205431480,0,123409803,0,182012454,0,185637009,0,161257545,0,180163860,0,196658075,0,167605907,0,181210039,0,213968486,0,218511789,0,190374383
2,2020,'81301   ',  ,0,29401223,0,2721948,0,2462761,0,2625635,0,2615124,0,2514337,0,2297660,0,2696267,0,1815041,0,2026995,0,2134124,0,3034106,0,2457225
2,2020,'8130101 ',  ,0,22785293,0,2235463,0,1982704,0,1896822,0,1988164,0,2046763,0,1560541,0,2052807,0,1311371,0,1590424,0,1573363,0,2595133,0,1951738
2,2020,'8130105 ', M,10923,756,0,0,0,0,10253,226,0,0,0,0,0,0,0,0,0,0,0,0,0,0,0,0,670,530
2,2020,'81303   ',  ,0,156981868,0,13266906,0,14915738,0,14568831,0,13177384,0,11064600,0,12842432,0,12633333,0,12802241,0,11995117,0,12723007,0,14065290,0,12926989
2,2020,'81305   ',KG,10783877,19623779,1018021,2119930,840410,1708588,976244,1912248,775706,1243006,663086,1083224,883466,1587965,890288,1626805,888788,1451588,923896,1547750,913845,1566186,866141,1812382,1143986,1964107
2,2020,'81307   ',KG,1373837949,717376407,125094252,64931852,70139589,35490301,114817425,57838694,129098470,67344203,114658174,60723498,122765511,61900941,125633741,60874996,109001363,54216795,112376509,59441625,118368491,63952384,118991451,66577963,112892973,64083155
2,2020,'81309   ',KG,160136864,424125435,12852847,31723256,5015466,13447396,9566503,26878624,15133030,37235332,12604585,27774191,13673561,32522890,13980726,37794034,11226049,27888044,14044360,38353133,17619185,56811142,19417494,53434753,15003058,40262640
2,2020,'8130901 ',KG,31891814,201428814,2171579,11440700,727051,4475722,2058710,13339306,2847844,16568843,1905547,10252266,2265842,12841713,2710904,17464817,2367277,12304980,2994028,19297748,4051272,34541532,4442275,28862255,3349485,20038932
2,2020,'81311   ',  ,0,202683935,0,22174668,0,9590332,0,16377799,0,17917818,0,15320446,0,17519943,0,17794698,0,16614636,0,18112922,0,17246947,0,16525393,0,17488333
2,2020,'8131101 ',  ,0,68281526,0,10130084,0,3463498,0,6117088,0,5652690,0,4361984,0,4560164,0,4756129,0,5345030,0,5854428,0,5771036,0,5480721,0,6788674
2,2020,'81313   ',  ,0,30371940,0,3881671,0,1573616,0,2664445,0,2797597,0,2668585,0,2591175,0,2545310,0,2153245,0,2322873,0,2372911,0,2359598,0,2440914
2,2020,'8131301 ',  ,0,17920222,0,2328165,0,1029867,0,1548405,0,1630080,0,1568465,0,1496997,0,1456163,0,1240857,0,1344834,0,1411085,0,1384656,0,1480648
2,2020,'81315   ',KG,223328,59504642,46808,4401485,22639,4126115,16778,3051356,13239,693242,5599,2945124,13067,8741008,23927,11167213,8273,3045180,19781,4168259,29076,6631269,13253,7627618,10888,2906773
2,2020,'81317   ',MT,546,1386810,72,250853,29,82766,57,166909,59,123107,45,108163,46,87517,62,84558,19,77271,20,87471,47,98793,56,96959,34,122443
2,2020,'9       ',  ,0,1223661053,0,108077103,0,98713616,0,94453635,0,100473934,0,82923484,0,122302376,0,86867734,0,89913786,0,100825467,0,113771748,0,106442309,0,118895861
2,2020,'901     ',  ,0,1160986705,0,104603412,0,94159471,0,89333846,0,97236907,0,78342360,0,109465810,0,82789858,0,86100392,0,93121301,0,109477249,0,102223832,0,114132267
2,2020,'903     ',KG,5271,28796212,197,726445,223,1033516,293,1384620,216,1179360,335,1797085,1701,9922239,251,1396556,249,1333977,768,4877399,430,2321550,313,1472068,295,1351397
